season,season_type,full_player_name,abbr_player_name,team,position,gsis_id
2009,reg,Aaron Brown,A.Brown,DET,RB,00-0027129
2009,reg,Aaron Rodgers,A.Rodgers,GB,QB,00-0023459
2009,reg,Aaron Stecker,A.Stecker,ATL,RB,00-0015601
2009,reg,Adrian Peterson,A.Peterson,CHI,RB,00-0021306
2009,reg,Adrian Peterson,A.Peterson,MIN,RB,00-0025394
2009,reg,Ahmad Bradshaw,A.Bradshaw,NYG,RB,00-0025637
2009,reg,Ahman Green,A.Green,GB,RB,00-0006305
2009,reg,Ahmard Hall,A.Hall,TEN,FB,00-0024489
2009,reg,Albert Young,A.Young,MIN,RB,00-0025955
2009,reg,Alex Smith,A.Smith,PHI,TE,00-0023506
2009,reg,Alex Smith,A.Smith,SF,QB,00-0023436
2009,reg,Alge Crumpler,A.Crumpler,TEN,TE,00-0020285
2009,reg,Andre Caldwell,A.Caldwell,CIN,WR,00-0026237
2009,reg,Andre Davis,A.Davis,HOU,WR,00-0021175
2009,reg,Andre Johnson,A.Johnson,HOU,WR,00-0022044
2009,reg,Anquan Boldin,A.Boldin,ARI,WR,00-0022084
2009,reg,Anthony Becht,A.Becht,ARI,TE,00-0019457
2009,reg,Anthony Fasano,A.Fasano,MIA,TE,00-0024268
2009,reg,Anthony Hill,A.Hill,HOU,TE,00-0026908
2009,reg,Antonio Bryant,A.Bryant,TB,WR,00-0021191
2009,reg,Antonio Gates,A.Gates,SD,TE,00-0021547
2009,reg,Antwaan Randle El,A.El,WAS,WR,00-0021190
2009,reg,Arian Foster,A.Foster,HOU,RB,00-0026796
2009,reg,Arnaz Battle,A.Battle,SF,WR,00-0022064
2009,reg,Austin Collie,A.Collie,IND,WR,00-0027092
2009,reg,B.J. Askew,B.Askew,TB,FB,00-0022003
2009,reg,Beanie Wells,B.Wells,ARI,RB,00-0027007
2009,reg,Bear Pascoe,B.Pascoe,NYG,TE,00-0026931
2009,reg,Ben Hartsock,B.Hartsock,NYJ,TE,00-0022847
2009,reg,Ben Obomanu,B.Obomanu,SEA,WR,00-0024463
2009,reg,Ben Patrick,B.Patrick,ARI,TE,00-0025602
2009,reg,Ben Roethlisberger,B.Roethlisberger,PIT,QB,00-0022924
2009,reg,Benjamin Watson,B.Watson,NE,TE,00-0022943
2009,reg,BenJarvus Green-Ellis,B.Green-Ellis,NE,RB,00-0025860
2009,reg,Bernard Berrian,B.Berrian,MIN,WR,00-0022807
2009,reg,Bernard Scott,B.Scott,CIN,RB,00-0026941
2009,reg,Billy Bajema,B.Bajema,STL,TE,00-0023679
2009,reg,Billy Volek,B.Volek,SD,QB,00-0019041
2009,reg,Bo Scaife,B.Scaife,TEN,TE,00-0023612
2009,reg,Bobby Engram,B.Engram,KC,WR,00-0004915
2009,reg,Bobby Wade,B.Wade,KC,WR,00-0022144
2009,reg,Brad Cottam,B.Cottam,KC,TE,00-0026216
2009,reg,Brad Hoover,B.Hoover,CAR,FB,00-0019100
2009,reg,Brad Smith,B.Smith,NYJ,WR,00-0024318
2009,reg,Brady Quinn,B.Quinn,CLE,QB,00-0025409
2009,reg,Brandon Gibson,B.Gibson,STL,WR,00-0026937
2009,reg,Brandon Jackson,B.Jackson,GB,RB,00-0025450
2009,reg,Brandon Jacobs,B.Jacobs,NYG,RB,00-0023545
2009,reg,Brandon Jones,B.Jones,SF,WR,00-0023531
2009,reg,Brandon Lloyd,B.Lloyd,DEN,WR,00-0022097
2009,reg,Brandon Manumaleuna,B.Manumaleuna,SD,TE,00-0020342
2009,reg,Brandon Marshall,B.Marshall,DEN,WR,00-0024334
2009,reg,Brandon Myers,B.Myers,OAK,TE,00-0027135
2009,reg,Brandon Pettigrew,B.Pettigrew,DET,TE,00-0026996
2009,reg,Brandon Stokley,B.Stokley,DEN,WR,00-0015754
2009,reg,Brandon Tate,B.Tate,NE,WR,00-0027057
2009,reg,Braylon Edwards,B.Edwards,NYJ,WR,00-0023438
2009,reg,Brent Celek,B.Celek,PHI,TE,00-0025549
2009,reg,Brett Favre,B.Favre,MIN,QB,00-0005106
2009,reg,Brett Swain,B.Swain,GB,WR,00-0026357
2009,reg,Brian Brohm,B.Brohm,BUF,QB,00-0026196
2009,reg,Brian Clark,B.Clark,TB,WR,00-0023790
2009,reg,Brian Finneran,B.Finneran,ATL,WR,00-0005231
2009,reg,Brian Hartline,B.Hartline,MIA,WR,00-0027077
2009,reg,Brian Hoyer,B.Hoyer,NE,QB,00-0026625
2009,reg,Brian Leonard,B.Leonard,CIN,RB,00-0025439
2009,reg,Brian Robiskie,B.Robiskie,CLE,WR,00-0027012
2009,reg,Brian St. Pierre,B.Pierre,ARI,QB,00-0022101
2009,reg,Brian Westbrook,B.Westbrook,PHI,RB,00-0021216
2009,reg,Brodie Croyle,B.Croyle,KC,QB,00-0024300
2009,reg,Bruce Gradkowski,B.Gradkowski,OAK,QB,00-0024408
2009,reg,Bryant Johnson,B.Johnson,DET,WR,00-0022156
2009,reg,Byron Leftwich,B.Leftwich,TB,QB,00-0022177
2009,reg,Cadillac Williams,C.Williams,TB,RB,00-0023440
2009,reg,Caleb Hanie,C.Hanie,CHI,QB,00-0025970
2009,reg,Calvin Johnson,C.Johnson,DET,WR,00-0025389
2009,reg,Cameron Morrah,C.Morrah,SEA,TE,00-0026963
2009,reg,Carey Davis,C.Davis,PIT,RB,00-0022434
2009,reg,Carson Palmer,C.Palmer,CIN,QB,00-0021429
2009,reg,Casey Fitzsimmons,C.Fitzsimmons,DET,TE,00-0021525
2009,reg,Cedric Benson,C.Benson,CIN,RB,00-0023439
2009,reg,Chad Henne,C.Henne,MIA,QB,00-0026197
2009,reg,Chad Johnson,C.Johnson,CIN,WR,00-0020397
2009,reg,Chad Pennington,C.Pennington,MIA,QB,00-0019559
2009,reg,Chad Simpson,C.Simpson,IND,RB,00-0025997
2009,reg,Chansi Stuckey,C.Stuckey,CLE,WR,00-0025622
2009,reg,Charlie Batch,C.Batch,PIT,QB,00-0000865
2009,reg,Charlie Frye,C.Frye,OAK,QB,00-0023502
2009,reg,Charly Martin,C.Martin,CAR,WR,00-0026753
2009,reg,Chaz Schilens,C.Schilens,OAK,WR,00-0026366
2009,reg,Chester Taylor,C.Taylor,MIN,RB,00-0021314
2009,reg,Chris Baker,C.Baker,NE,TE,00-0021213
2009,reg,Chris Brown,C.Brown,HOU,RB,00-0022092
2009,reg,Chris Chambers,C.Chambers,KC,WR,00-0020446
2009,reg,Chris Cooley,C.Cooley,WAS,TE,00-0022738
2009,reg,Chris Henry,C.Henry,CIN,WR,00-0023518
2009,reg,Chris Jennings,C.Jennings,CLE,RB,00-0027167
2009,reg,Chris Johnson,C.Johnson,TEN,RB,00-0026164
2009,reg,Chris Ogbonnaya,C.Ogbonnaya,STL,RB,00-0027140
2009,reg,Chris Pressley,C.Pressley,TB,RB,00-0026723
2009,reg,Chris Redman,C.Redman,ATL,QB,00-0019709
2009,reg,Chris Simms,C.Simms,DEN,QB,00-0022005
2009,reg,Clifton Smith,C.Smith,TB,RB,00-0026113
2009,reg,Clinton Portis,C.Portis,WAS,RB,00-0021179
2009,reg,Colin Cloherty,C.Cloherty,IND,TE,00-0026669
2009,reg,Corey McIntyre,C.McIntyre,BUF,FB,00-0020804
2009,reg,Correll Buckhalter,C.Buckhalter,DEN,RB,00-0020270
2009,reg,Courtney Roby,C.Roby,NO,WR,00-0023503
2009,reg,Craig Davis,C.Davis,SD,WR,00-0025417
2009,reg,Craig Stevens,C.Stevens,TEN,TE,00-0026225
2009,reg,Curtis Painter,C.Painter,IND,QB,00-0027134
2009,reg,D.J. Ware,D.Ware,NYG,RB,00-0024559
2009,reg,Dallas Clark,D.Clark,IND,TE,00-0022165
2009,reg,Dan Gronkowski,D.Gronkowski,DET,TE,00-0027157
2009,reg,Daniel Coats,D.Coats,CIN,TE,00-0024607
2009,reg,Daniel Graham,D.Graham,DEN,TE,00-0021154
2009,reg,Danny Amendola,D.Amendola,STL,WR,00-0026035
2009,reg,Danny Woodhead,D.Woodhead,NYJ,WR,00-0026019
2009,reg,Dante Rosario,D.Rosario,CAR,TE,00-0025542
2009,reg,Dantrell Savage,D.Savage,KC,RB,00-0026453
2009,reg,Darcy Johnson,D.Johnson,NYG,TE,00-0023797
2009,reg,Darius Reynaud,D.Reynaud,MIN,WR,00-0025951
2009,reg,Darnell Dinkins,D.Dinkins,NO,TE,00-0020550
2009,reg,Darren McFadden,D.McFadden,OAK,RB,00-0026144
2009,reg,Darren Sproles,D.Sproles,SD,RB,00-0023564
2009,reg,Darrius Heyward-Bey,D.Heyward-Bey,OAK,WR,00-0026983
2009,reg,Daunte Culpepper,D.Culpepper,DET,QB,00-0003739
2009,reg,David Anderson,D.Anderson,HOU,WR,00-0024465
2009,reg,David Carr,D.Carr,NYG,QB,00-0020608
2009,reg,David Clowney,D.Clowney,NYJ,WR,00-0025544
2009,reg,David Garrard,D.Garrard,JAC,QB,00-0021231
2009,reg,David Johnson,D.Johnson,PIT,TE,00-0026957
2009,reg,David Thomas,D.Thomas,NO,TE,00-0024301
2009,reg,Davone Bess,D.Bess,MIA,WR,00-0026000
2009,reg,DeAngelo Williams,D.Williams,CAR,RB,00-0024242
2009,reg,Deion Branch,D.Branch,SEA,WR,00-0021192
2009,reg,Delanie Walker,D.Walker,SF,TE,00-0024389
2009,reg,Demetrius Williams,D.Williams,BAL,WR,00-0024326
2009,reg,Dennis Dixon,D.Dixon,PIT,QB,00-0026296
2009,reg,Dennis Northcutt,D.Northcutt,DET,WR,00-0019650
2009,reg,Deon Butler,D.Butler,SEA,WR,00-0027063
2009,reg,Derek Anderson,D.Anderson,CLE,QB,00-0023645
2009,reg,Derek Fine,D.Fine,BUF,TE,00-0026272
2009,reg,Derek Hagan,D.Hagan,NYG,WR,00-0024297
2009,reg,Derek Schouman,D.Schouman,BUF,TE,00-0025609
2009,reg,Derrick Mason,D.Mason,BAL,WR,00-0010500
2009,reg,Derrick Ward,D.Ward,TB,RB,00-0022770
2009,reg,Derrick Williams,D.Williams,DET,WR,00-0027056
2009,reg,DeSean Jackson,D.Jackson,PHI,WR,00-0026189
2009,reg,DeShawn Wynn,D.Wynn,GB,RB,00-0025615
2009,reg,Desmond Clark,D.Clark,CHI,TE,00-0003035
2009,reg,Devery Henderson,D.Henderson,NO,WR,00-0022929
2009,reg,Devin Aromashodu,D.Aromashodu,CHI,WR,00-0024447
2009,reg,Devin Hester,D.Hester,CHI,WR,00-0024272
2009,reg,Devin Thomas,D.Thomas,WAS,WR,00-0026174
2009,reg,Domenik Hixon,D.Hixon,NYG,WR,00-0024345
2009,reg,Donald Brown,D.Brown,IND,RB,00-0027003
2009,reg,Donald Driver,D.Driver,GB,WR,00-0004541
2009,reg,Donald Lee,D.Lee,GB,TE,00-0021929
2009,reg,Donnie Avery,D.Avery,STL,WR,00-0026173
2009,reg,Donovan McNabb,D.McNabb,PHI,QB,00-0011022
2009,reg,Drew Brees,D.Brees,NO,QB,00-0020531
2009,reg,Drew Stanton,D.Stanton,DET,QB,00-0025430
2009,reg,Dustin Keller,D.Keller,NYJ,TE,00-0026170
2009,reg,Dwayne Bowe,D.Bowe,KC,WR,00-0025410
2009,reg,Dwayne Jarrett,D.Jarrett,CAR,WR,00-0025432
2009,reg,Earl Bennett,E.Bennett,CHI,WR,00-0026210
2009,reg,Early Doucet,E.Doucet,ARI,WR,00-0026221
2009,reg,Earnest Graham,E.Graham,TB,RB,00-0021755
2009,reg,Eddie Royal,E.Royal,DEN,WR,00-0026182
2009,reg,Edgar Jones,E.Jones,BAL,TE,00-0024714
2009,reg,Edgerrin James,E.James,SEA,RB,00-0008241
2009,reg,Eldra Buckley,E.Buckley,PHI,RB,00-0024738
2009,reg,Eli Manning,E.Manning,NYG,QB,00-0022803
2009,reg,Eric Weems,E.Weems,ATL,WR,00-0024535
2009,reg,Ernest Wilford,E.Wilford,JAC,TE,00-0022901
2009,reg,Evan Moore,E.Moore,CLE,TE,00-0026123
2009,reg,Felix Jones,F.Jones,DAL,RB,00-0026162
2009,reg,Frank Gore,F.Gore,SF,RB,00-0023500
2009,reg,Fred Davis,F.Davis,WAS,TE,00-0026188
2009,reg,Fred Jackson,F.Jackson,BUF,RB,00-0024204
2009,reg,Fred Taylor,F.Taylor,NE,RB,00-0016098
2009,reg,Garrett Wolfe,G.Wolfe,CHI,RB,00-0025480
2009,reg,Gartrell Johnson,G.Johnson,NYG,RB,00-0027098
2009,reg,Gary Barnidge,G.Barnidge,CAR,TE,00-0026281
2009,reg,Gary Russell,G.Russell,OAK,RB,00-0024846
2009,reg,Gijon Robinson,G.Robinson,IND,TE,00-0024529
2009,reg,Glen Coffee,G.Coffee,SF,RB,00-0027048
2009,reg,Greg Camarillo,G.Camarillo,MIA,WR,00-0023408
2009,reg,Greg Estandia,G.Estandia,CLE,TE,00-0023784
2009,reg,Greg Jennings,G.Jennings,GB,WR,00-0024267
2009,reg,Greg Jones,G.Jones,JAC,FB,00-0022897
2009,reg,Greg Lewis,G.Lewis,MIN,WR,00-0021508
2009,reg,Greg Olsen,G.Olsen,CHI,TE,00-0025418
2009,reg,Hakeem Nicks,H.Nicks,NYG,WR,00-0027005
2009,reg,Hank Baskett,H.Baskett,IND,WR,00-0024013
2009,reg,Heath Evans,H.Evans,NO,FB,00-0020507
2009,reg,Heath Miller,H.Miller,PIT,TE,00-0023465
2009,reg,Hines Ward,H.Ward,PIT,WR,00-0017162
2009,reg,Isaac Bruce,I.Bruce,SF,WR,00-0002099
2009,reg,Isaiah Stanback,I.Stanback,NE,WR,00-0025490
2009,reg,J.P. Foschi,J.Foschi,CIN,TE,00-0022484
2009,reg,J.P. Losman,J.Losman,OAK,QB,00-0022912
2009,reg,J.T. O'Sullivan,J.O'Sullivan,CIN,QB,00-0021296
2009,reg,Jabar Gaffney,J.Gaffney,DEN,WR,00-0021163
2009,reg,Jackie Battle,J.Battle,KC,RB,00-0025701
2009,reg,Jacob Hester,J.Hester,SD,FB,00-0026209
2009,reg,Jacob Tamme,J.Tamme,IND,TE,00-0026267
2009,reg,Jacoby Jones,J.Jones,HOU,WR,00-0025460
2009,reg,Jake Allen,J.Allen,CLE,WR,00-0026022
2009,reg,Jake Delhomme,J.Delhomme,CAR,QB,00-0004161
2009,reg,Jake Nordin,J.Nordin,DET,TE,00-0024825
2009,reg,Jake O'Connell,J.O'Connell,KC,TE,00-0027154
2009,reg,Jalen Parmele,J.Parmele,BAL,RB,00-0026316
2009,reg,Jamaal Charles,J.Charles,KC,RB,00-0026213
2009,reg,Jamal Lewis,J.Lewis,CLE,RB,00-0019693
2009,reg,JaMarcus Russell,J.Russell,OAK,QB,00-0025388
2009,reg,James Casey,J.Casey,HOU,TE,00-0027109
2009,reg,James Davis,J.Davis,CLE,RB,00-0027130
2009,reg,James Hardy,J.Hardy,BUF,WR,00-0026181
2009,reg,James Jones,J.Jones,GB,WR,00-0025465
2009,reg,Jared Cook,J.Cook,TEN,TE,00-0027061
2009,reg,Jarett Dillard,J.Dillard,JAC,WR,00-0027105
2009,reg,Jason Avant,J.Avant,PHI,WR,00-0024324
2009,reg,Jason Campbell,J.Campbell,WAS,QB,00-0023460
2009,reg,Jason Hill,J.Hill,SF,WR,00-0025463
2009,reg,Jason Snelling,J.Snelling,ATL,FB,00-0025631
2009,reg,Jason Witten,J.Witten,DAL,TE,00-0022127
2009,reg,Jason Wright,J.Wright,ARI,RB,00-0022288
2009,reg,Javarris Williams,J.Williams,KC,RB,00-0027141
2009,reg,Javon Ringer,J.Ringer,TEN,RB,00-0027120
2009,reg,Jay Cutler,J.Cutler,CHI,QB,00-0024226
2009,reg,Jaymar Johnson,J.Johnson,MIN,WR,00-0026333
2009,reg,Jeff Dugan,J.Dugan,MIN,TE,00-0022746
2009,reg,Jeff King,J.King,CAR,TE,00-0024369
2009,reg,Jeremi Johnson,J.Johnson,CIN,FB,00-0022141
2009,reg,Jeremy Maclin,J.Maclin,PHI,WR,00-0026995
2009,reg,Jeremy Shockey,J.Shockey,NO,TE,00-0021148
2009,reg,Jerheme Urban,J.Urban,ARI,WR,00-0021647
2009,reg,Jerious Norwood,J.Norwood,ATL,RB,00-0024294
2009,reg,Jermichael Finley,J.Finley,GB,TE,00-0026231
2009,reg,Jerome Felton,J.Felton,DET,FB,00-0026286
2009,reg,Jerome Harrison,J.Harrison,CLE,RB,00-0024359
2009,reg,Jerome Simpson,J.Simpson,CIN,WR,00-0026186
2009,reg,Jerramy Stevens,J.Stevens,TB,TE,00-0021159
2009,reg,Jerricho Cotchery,J.Cotchery,NYJ,WR,00-0022811
2009,reg,Jimmy Kleinsasser,J.Kleinsasser,MIN,TE,00-0009323
2009,reg,Joe Flacco,J.Flacco,BAL,QB,00-0026158
2009,reg,Joe Klopfenstein,J.Klopfenstein,BUF,TE,00-0024261
2009,reg,Joel Dreessen,J.Dreessen,HOU,TE,00-0023630
2009,reg,Joey Haynos,J.Haynos,MIA,TE,00-0026026
2009,reg,John Carlson,J.Carlson,SEA,TE,00-0026178
2009,reg,John Gilmore,J.Gilmore,TB,TE,00-0021304
2009,reg,John Kuhn,J.Kuhn,GB,FB,00-0022999
2009,reg,John Owens,J.Owens,SEA,TE,00-0021255
2009,reg,John Phillips,J.Phillips,DAL,TE,00-0027139
2009,reg,John Standeford,J.Standeford,DET,WR,00-0022277
2009,reg,Johnnie Lee Higgins,J.Higgins,OAK,WR,00-0025486
2009,reg,Johnny Knox,J.Knox,CHI,WR,00-0026913
2009,reg,Jonathan Stewart,J.Stewart,CAR,RB,00-0026153
2009,reg,Jonathan Stupar,J.Stupar,BUF,TE,00-0025864
2009,reg,Jordan Kent,J.Kent,STL,WR,00-0025597
2009,reg,Jordy Nelson,J.Nelson,GB,WR,00-0026176
2009,reg,Joseph Addai,J.Addai,IND,RB,00-0024245
2009,reg,Josh Cribbs,J.Cribbs,CLE,WR,00-0023176
2009,reg,Josh Freeman,J.Freeman,TB,QB,00-0026993
2009,reg,Josh Johnson,J.Johnson,TB,QB,00-0026300
2009,reg,Josh McCown,J.McCown,CAR,QB,00-0021206
2009,reg,Josh Morgan,J.Morgan,SF,WR,00-0026314
2009,reg,Josh Reed,J.Reed,BUF,WR,00-0021166
2009,reg,Julian Edelman,J.Edelman,NE,WR,00-0027150
2009,reg,Julius Jones,J.Jones,SEA,RB,00-0022840
2009,reg,Justin Fargas,J.Fargas,OAK,RB,00-0022093
2009,reg,Justin Forsett,J.Forsett,SEA,RB,00-0026373
2009,reg,Justin Gage,J.Gage,TEN,WR,00-0021982
2009,reg,Justin Griffith,J.Griffith,SEA,FB,00-0022011
2009,reg,Justin Harper,J.Harper,BAL,WR,00-0026355
2009,reg,Justin Peelle,J.Peelle,ATL,TE,00-0021227
2009,reg,Kahlil Bell,K.Bell,CHI,RB,00-0026579
2009,reg,Kassim Osgood,K.Osgood,SD,WR,00-0021570
2009,reg,Keenan Burton,K.Burton,STL,WR,00-0026268
2009,reg,Keith Null,K.Null,STL,QB,00-0027131
2009,reg,Keith Zinger,K.Zinger,ATL,TE,00-0026372
2009,reg,Kellen Clemens,K.Clemens,NYJ,QB,00-0024264
2009,reg,Kellen Davis,K.Davis,CHI,TE,00-0026298
2009,reg,Kellen Winslow,K.Winslow,TB,TE,00-0022922
2009,reg,Kelley Washington,K.Washington,BAL,WR,00-0022171
2009,reg,Kenneth Darby,K.Darby,STL,RB,00-0025633
2009,reg,Kenny Britt,K.Britt,TEN,WR,00-0027006
2009,reg,Kenny Moore,K.Moore,CAR,WR,00-0026276
2009,reg,Kerry Collins,K.Collins,TEN,QB,00-0003292
2009,reg,Kevin Boss,K.Boss,NYG,TE,00-0025540
2009,reg,Kevin Curtis,K.Curtis,PHI,WR,00-0022001
2009,reg,Kevin Faulk,K.Faulk,NE,RB,00-0005091
2009,reg,Kevin Kolb,K.Kolb,PHI,QB,00-0025423
2009,reg,Kevin Ogletree,K.Ogletree,DAL,WR,00-0026780
2009,reg,Kevin Smith,K.Smith,DET,RB,00-0026204
2009,reg,Kevin Walter,K.Walter,HOU,WR,00-0021931
2009,reg,Knowshon Moreno,K.Moreno,DEN,RB,00-0026988
2009,reg,Kolby Smith,K.Smith,KC,RB,00-0025535
2009,reg,Kory Sheets,K.Sheets,MIA,RB,00-0026769
2009,reg,Kory Sperry,K.Sperry,MIA,TE,00-0026757
2009,reg,Kurt Warner,K.Warner,ARI,QB,00-0017200
2009,reg,Kyle Boller,K.Boller,STL,QB,00-0022164
2009,reg,Kyle Eckel,K.Eckel,NO,FB,00-0023251
2009,reg,Kyle Orton,K.Orton,DEN,QB,00-0023541
2009,reg,L.J. Smith,L.Smith,BAL,TE,00-0022126
2009,reg,LaDainian Tomlinson,L.Tomlinson,SD,RB,00-0020536
2009,reg,Ladell Betts,L.Betts,WAS,RB,00-0021184
2009,reg,LaMont Jordan,L.Jordan,DEN,RB,00-0020462
2009,reg,Lance Long,L.Long,KC,WR,00-0025934
2009,reg,Lance Moore,L.Moore,NO,WR,00-0023310
2009,reg,LaRod Stephens-Howling,L.Stephens-Howling,ARI,RB,00-0026956
2009,reg,Larry Fitzgerald,L.Fitzgerald,ARI,WR,00-0022921
2009,reg,Larry Johnson,L.Johnson,CIN,RB,00-0021976
2009,reg,Laurence Maroney,L.Maroney,NE,RB,00-0024236
2009,reg,Laurent Robinson,L.Robinson,STL,WR,00-0025462
2009,reg,Lavelle Hawkins,L.Hawkins,TEN,WR,00-0026266
2009,reg,Laveranues Coles,L.Coles,CIN,WR,00-0018958
2009,reg,Le'Ron McClain,L.McClain,BAL,FB,00-0025524
2009,reg,Lee Evans,L.Evans,BUF,WR,00-0022910
2009,reg,Legedu Naanee,L.Naanee,SD,WR,00-0025559
2009,reg,LenDale White,L.White,TEN,RB,00-0024260
2009,reg,Leon Washington,L.Washington,NYJ,RB,00-0024332
2009,reg,Leonard Pope,L.Pope,KC,TE,00-0024287
2009,reg,Leonard Weaver,L.Weaver,PHI,FB,00-0023063
2009,reg,LeSean McCoy,L.McCoy,PHI,RB,00-0027029
2009,reg,Lex Hilliard,L.Hilliard,MIA,RB,00-0026344
2009,reg,Limas Sweed,L.Sweed,PIT,WR,00-0026193
2009,reg,Louis Murphy,L.Murphy,OAK,WR,00-0027089
2009,reg,Louis Rankin,L.Rankin,SEA,RB,00-0025841
2009,reg,Lousaka Polite,L.Polite,MIA,FB,00-0022405
2009,reg,Luke McCown,L.McCown,JAC,QB,00-0022864
2009,reg,Lynell Hamilton,L.Hamilton,NO,RB,00-0026121
2009,reg,Malcolm Kelly,M.Kelly,WAS,WR,00-0026191
2009,reg,Malcom Floyd,M.Floyd,SD,WR,00-0022414
2009,reg,Marc Bulger,M.Bulger,STL,QB,00-0019599
2009,reg,Marcedes Lewis,M.Lewis,JAC,TE,00-0024243
2009,reg,Marcus Mason,M.Mason,WAS,RB,00-0024561
2009,reg,Mario Manningham,M.Manningham,NYG,WR,00-0026235
2009,reg,Marion Barber,M.Barber,DAL,RB,00-0023544
2009,reg,Mark Brunell,M.Brunell,NO,QB,00-0002110
2009,reg,Mark Clayton,M.Clayton,BAL,WR,00-0023457
2009,reg,Mark Jones,M.Jones,TEN,WR,00-0022882
2009,reg,Mark Sanchez,M.Sanchez,NYJ,QB,00-0026898
2009,reg,Marko Mitchell,M.Mitchell,WAS,WR,00-0026959
2009,reg,Marques Colston,M.Colston,NO,WR,00-0024466
2009,reg,Marshawn Lynch,M.Lynch,BUF,RB,00-0025399
2009,reg,Martellus Bennett,M.Bennett,DAL,TE,00-0026201
2009,reg,Marty Booker,M.Booker,ATL,WR,00-0001477
2009,reg,Matt Cassel,M.Cassel,KC,QB,00-0023662
2009,reg,Matt Flynn,M.Flynn,GB,QB,00-0026349
2009,reg,Matt Forte,M.Forte,CHI,RB,00-0026184
2009,reg,Matt Gutierrez,M.Gutierrez,KC,QB,00-0024824
2009,reg,Matt Hasselbeck,M.Hasselbeck,SEA,QB,00-0007091
2009,reg,Matt Lawrence,M.Lawrence,BAL,RB,00-0026132
2009,reg,Matt Leinart,M.Leinart,ARI,QB,00-0024225
2009,reg,Matt Moore,M.Moore,CAR,QB,00-0025708
2009,reg,Matt Ryan,M.Ryan,ATL,QB,00-0026143
2009,reg,Matt Schaub,M.Schaub,HOU,QB,00-0022787
2009,reg,Matt Spaeth,M.Spaeth,PIT,TE,00-0025464
2009,reg,Matthew Mulligan,M.Mulligan,NYJ,TE,00-0026008
2009,reg,Matthew Stafford,M.Stafford,DET,QB,00-0026498
2009,reg,Maurice Jones-Drew,M.Jones-Drew,JAC,RB,00-0024275
2009,reg,Maurice Morris,M.Morris,DET,RB,00-0021182
2009,reg,Maurice Purify,M.Purify,CIN,WR,00-0026396
2009,reg,Maurice Stovall,M.Stovall,TB,WR,00-0024305
2009,reg,Mewelde Moore,M.Moore,PIT,RB,00-0022217
2009,reg,Michael Bennett,M.Bennett,SD,RB,00-0020514
2009,reg,Michael Bush,M.Bush,OAK,RB,00-0025487
2009,reg,Michael Clayton,M.Clayton,TB,WR,00-0022725
2009,reg,Michael Crabtree,M.Crabtree,SF,WR,00-0026986
2009,reg,Michael Gaines,M.Gaines,CLE,TE,00-0022706
2009,reg,Michael Jenkins,M.Jenkins,ATL,WR,00-0022781
2009,reg,Michael Robinson,M.Robinson,SF,RB,00-0024315
2009,reg,Michael Turner,M.Turner,ATL,RB,00-0022821
2009,reg,Mike Bell,M.Bell,NO,RB,00-0024011
2009,reg,Mike Cox,M.Cox,KC,FB,00-0026033
2009,reg,Mike Furrey,M.Furrey,CLE,WR,00-0019281
2009,reg,Mike Goodson,M.Goodson,CAR,RB,00-0027080
2009,reg,Mike Hart,M.Hart,IND,RB,00-0026342
2009,reg,Mike Karney,M.Karney,STL,FB,00-0022796
2009,reg,Mike Sims-Walker,M.Sims-Walker,JAC,WR,00-0025466
2009,reg,Mike Thomas,M.Thomas,JAC,WR,00-0027076
2009,reg,Mike Tolbert,M.Tolbert,SD,FB,00-0026069
2009,reg,Mike Vick,M.Vick,PHI,QB,00-0020245
2009,reg,Mike Wallace,M.Wallace,PIT,WR,00-0026901
2009,reg,Miles Austin,M.Austin,DAL,WR,00-0023921
2009,reg,Mohamed Massaquoi,M.Massaquoi,CLE,WR,00-0027026
2009,reg,Montell Owens,M.Owens,JAC,RB,00-0024103
2009,reg,Moran Norris,M.Norris,SF,FB,00-0020508
2009,reg,Muhsin Muhammad,M.Muhammad,CAR,WR,00-0011795
2009,reg,Nate Burleson,N.Burleson,SEA,WR,00-0021999
2009,reg,Nate Hughes,N.Hughes,JAC,WR,00-0026100
2009,reg,Nate Washington,N.Washington,TEN,WR,00-0023367
2009,reg,Naufahu Tahi,N.Tahi,MIN,FB,00-0023774
2009,reg,Oren O'Neal,O.O'Neal,OAK,FB,00-0025562
2009,reg,Ovie Mughelli,O.Mughelli,ATL,FB,00-0022143
2009,reg,Owen Daniels,O.Daniels,HOU,TE,00-0024313
2009,reg,Pat White,P.White,MIA,QB,00-0027020
2009,reg,Patrick Cobbs,P.Cobbs,MIA,RB,00-0024172
2009,reg,Patrick Crayton,P.Crayton,DAL,WR,00-0022766
2009,reg,Percy Harvin,P.Harvin,MIN,WR,00-0026998
2009,reg,Peyton Hillis,P.Hillis,DEN,FB,00-0026367
2009,reg,Peyton Manning,P.Manning,IND,QB,00-0010346
2009,reg,Philip Rivers,P.Rivers,SD,QB,00-0022942
2009,reg,Pierre Garcon,P.Garcon,IND,WR,00-0026345
2009,reg,Pierre Thomas,P.Thomas,NO,RB,00-0024813
2009,reg,Quan Cosby,Q.Cosby,CIN,WR,00-0026716
2009,reg,Quinten Lawrence,Q.Lawrence,KC,WR,00-0027122
2009,reg,Quinton Ganther,Q.Ganther,WAS,RB,00-0024460
2009,reg,Ramses Barden,R.Barden,NYG,WR,00-0026902
2009,reg,Randy McMichael,R.McMichael,STL,TE,00-0021236
2009,reg,Randy Moss,R.Moss,NE,WR,00-0011754
2009,reg,Rashad Jennings,R.Jennings,JAC,RB,00-0027155
2009,reg,Rashard Mendenhall,R.Mendenhall,PIT,RB,00-0026163
2009,reg,Rashied Davis,R.Davis,CHI,WR,00-0023429
2009,reg,Ray Rice,R.Rice,BAL,RB,00-0026195
2009,reg,Reggie Brown,R.Brown,PHI,WR,00-0023470
2009,reg,Reggie Bush,R.Bush,NO,RB,00-0024217
2009,reg,Reggie Wayne,R.Wayne,IND,WR,00-0020498
2009,reg,Rex Grossman,R.Grossman,HOU,QB,00-0022121
2009,reg,Richard Quinn,R.Quinn,DEN,TE,00-0027040
2009,reg,Ricky Williams,R.Williams,MIA,RB,00-0017915
2009,reg,Robert Meachem,R.Meachem,NO,WR,00-0025414
2009,reg,Robert Royal,R.Royal,CLE,TE,00-0021273
2009,reg,Rock Cartwright,R.Cartwright,WAS,RB,00-0021357
2009,reg,Roddy White,R.White,ATL,WR,00-0023462
2009,reg,Ronnie Brown,R.Brown,MIA,RB,00-0023437
2009,reg,Roscoe Parrish,R.Parrish,BUF,WR,00-0023490
2009,reg,Roy Williams,R.Williams,DAL,WR,00-0022909
2009,reg,Ruvell Martin,R.Martin,STL,WR,00-0022421
2009,reg,Ryan Fitzpatrick,R.Fitzpatrick,BUF,QB,00-0023682
2009,reg,Ryan Grant,R.Grant,GB,RB,00-0022984
2009,reg,Ryan Moats,R.Moats,HOU,RB,00-0023512
2009,reg,Sam Aiken,S.Aiken,NE,WR,00-0021915
2009,reg,Sam Hurd,S.Hurd,DAL,WR,00-0023953
2009,reg,Samkon Gado,S.Gado,STL,RB,00-0023074
2009,reg,Sammie Stroughter,S.Stroughter,TB,WR,00-0026953
2009,reg,Sammy Morris,S.Morris,NE,RB,00-0019484
2009,reg,Samuel Giguere,S.Giguere,IND,WR,00-0025992
2009,reg,Santana Moss,S.Moss,WAS,WR,00-0020494
2009,reg,Santonio Holmes,S.Holmes,PIT,WR,00-0024240
2009,reg,Sean Morey,S.Morey,ARI,WR,00-0011641
2009,reg,Sean Ryan,S.Ryan,KC,TE,00-0022817
2009,reg,Seneca Wallace,S.Wallace,SEA,QB,00-0022055
2009,reg,Shaun Hill,S.Hill,SF,QB,00-0020679
2009,reg,Shawn Nelson,S.Nelson,BUF,TE,00-0027088
2009,reg,Shonn Greene,S.Greene,NYJ,RB,00-0026899
2009,reg,Sidney Rice,S.Rice,MIN,WR,00-0025431
2009,reg,Sinorice Moss,S.Moss,NYG,WR,00-0024259
2009,reg,Spencer Havner,S.Havner,GB,TE,00-0023832
2009,reg,Stephen Spach,S.Spach,ARI,TE,00-0023108
2009,reg,Steve Breaston,S.Breaston,ARI,WR,00-0025529
2009,reg,Steve Heiden,S.Heiden,CLE,TE,00-0007213
2009,reg,Steve Johnson,S.Johnson,BUF,WR,00-0026364
2009,reg,Steve Slaton,S.Slaton,HOU,RB,00-0026229
2009,reg,Steve Smith,S.Smith,CAR,WR,00-0020337
2009,reg,Steve Smith,S.Smith,NYG,WR,00-0025438
2009,reg,Steven Jackson,S.Jackson,STL,RB,00-0022736
2009,reg,T.J. Houshmandzadeh,T.Houshmandzadeh,SEA,WR,00-0020438
2009,reg,Tarvaris Jackson,T.Jackson,MIN,QB,00-0024279
2009,reg,Tashard Choice,T.Choice,DAL,RB,00-0026262
2009,reg,Ted Ginn,T.Ginn,MIA,WR,00-0025396
2009,reg,Terrance Copper,T.Copper,KC,WR,00-0022388
2009,reg,Terrell Owens,T.Owens,BUF,WR,00-0012478
2009,reg,Thomas Jones,T.Jones,NYJ,RB,00-0019641
2009,reg,Tim Carter,T.Carter,STL,WR,00-0021174
2009,reg,Tim Castille,T.Castille,KC,RB,00-0025672
2009,reg,Tim Hightower,T.Hightower,ARI,RB,00-0026289
2009,reg,Todd Collins,T.Collins,WAS,QB,00-0003315
2009,reg,Todd Heap,T.Heap,BAL,TE,00-0020516
2009,reg,Todd Watkins,T.Watkins,OAK,WR,00-0024432
2009,reg,Todd Yoder,T.Yoder,WAS,TE,00-0019127
2009,reg,Tom Brady,T.Brady,NE,QB,00-0019596
2009,reg,Tom Santi,T.Santi,IND,TE,00-0026336
2009,reg,Tony Gonzalez,T.Gonzalez,ATL,TE,00-0006101
2009,reg,Tony Richardson,T.Richardson,NYJ,FB,00-0013694
2009,reg,Tony Romo,T.Romo,DAL,QB,00-0021678
2009,reg,Tony Scheffler,T.Scheffler,DEN,TE,00-0024276
2009,reg,Tony Stewart,T.Stewart,OAK,TE,00-0020268
2009,reg,Torry Holt,T.Holt,JAC,WR,00-0007681
2009,reg,Tory Humphrey,T.Humphrey,NO,TE,00-0023210
2009,reg,Travis Beckum,T.Beckum,NYG,TE,00-0027070
2009,reg,Trent Edwards,T.Edwards,BUF,QB,00-0025479
2009,reg,Troy Smith,T.Smith,BAL,QB,00-0025561
2009,reg,Troy Williamson,T.Williamson,JAC,WR,00-0023442
2009,reg,Tyler Grisham,T.Grisham,PIT,WR,00-0026562
2009,reg,Tyler Thigpen,T.Thigpen,MIA,QB,00-0025604
2009,reg,Tyrell Sutton,T.Sutton,CAR,RB,00-0026790
2009,reg,Vernon Davis,V.Davis,SF,TE,00-0024221
2009,reg,Vince Young,V.Young,TEN,QB,00-0024218
2009,reg,Vincent Jackson,V.Jackson,SD,WR,00-0023496
2009,reg,Visanthe Shiancoe,V.Shiancoe,MIN,TE,00-0022054
2009,reg,Wallace Wright,W.Wright,NYJ,WR,00-0024171
2009,reg,Wes Welker,W.Welker,NE,WR,00-0022427
2009,reg,Will Heller,W.Heller,DET,TE,00-0021756
2009,reg,Willie Parker,W.Parker,PIT,RB,00-0022250
2009,reg,Willis McGahee,W.McGahee,BAL,RB,00-0022178
2009,reg,Zach Miller,Z.Miller,JAC,TE,00-0027125
2009,reg,Zach Miller,Z.Miller,OAK,TE,00-0025425
2009,reg,Zach Potter,Z.Potter,JAC,TE,00-0026658
