season,season_type,full_player_name,abbr_player_name,team,position,gsis_id
2012,post,A.J. Green,A.Green,CIN,WR,00-0027942
2012,post,Aaron Hernandez,A.Hernandez,NE,TE,00-0027713
2012,post,Aaron Rodgers,A.Rodgers,GB,QB,00-0023459
2012,post,Adrian Peterson,A.Peterson,MIN,RB,00-0025394
2012,post,Alfred Morris,A.Morris,WAS,RB,00-0029141
2012,post,Andre Johnson,A.Johnson,HOU,WR,00-0022044
2012,post,Andrew Hawkins,A.Hawkins,CIN,WR,00-0027918
2012,post,Andrew Luck,A.Luck,IND,QB,00-0029668
2012,post,Andy Dalton,A.Dalton,CIN,QB,00-0027973
2012,post,Anquan Boldin,A.Boldin,BAL,WR,00-0022084
2012,post,Anthony Dixon,A.Dixon,SF,RB,00-0027772
2012,post,Anthony McCoy,A.McCoy,SEA,TE,00-0027783
2012,post,Arian Foster,A.Foster,HOU,RB,00-0026796
2012,post,Ben Tate,B.Tate,HOU,RB,00-0027890
2012,post,BenJarvus Green-Ellis,B.Green-Ellis,CIN,RB,00-0025860
2012,post,Bernard Pierce,B.Pierce,BAL,RB,00-0029264
2012,post,Brandon Lloyd,B.Lloyd,NE,WR,00-0022097
2012,post,Brandon Stokley,B.Stokley,DEN,WR,00-0015754
2012,post,Brian Leonard,B.Leonard,CIN,RB,00-0025439
2012,post,Chad Hall,C.Hall,SF,WR,00-0027188
2012,post,Chase Coffman,C.Coffman,ATL,TE,00-0027069
2012,post,Coby Fleener,C.Fleener,IND,TE,00-0029697
2012,post,Colin Kaepernick,C.Kaepernick,SF,QB,00-0027974
2012,post,Danny Woodhead,D.Woodhead,NE,RB,00-0026019
2012,post,Darrel Young,D.Young,WAS,FB,00-0026852
2012,post,Deion Branch,D.Branch,NE,WR,00-0021192
2012,post,Delanie Walker,D.Walker,SF,TE,00-0024389
2012,post,Demaryius Thomas,D.Thomas,DEN,WR,00-0027874
2012,post,Dennis Pitta,D.Pitta,BAL,TE,00-0027714
2012,post,DeVier Posey,D.Posey,HOU,WR,00-0029673
2012,post,Devin Aromashodu,D.Aromashodu,MIN,WR,00-0024447
2012,post,Donnie Avery,D.Avery,IND,WR,00-0026173
2012,post,Doug Baldwin,D.Baldwin,SEA,WR,00-0028434
2012,post,Drew Davis,D.Davis,ATL,WR,00-0028307
2012,post,DuJuan Harris,D.Harris,GB,RB,00-0028409
2012,post,Dwayne Allen,D.Allen,IND,TE,00-0029689
2012,post,Ed Dickson,E.Dickson,BAL,TE,00-0027675
2012,post,Eric Decker,E.Decker,DEN,WR,00-0027690
2012,post,Frank Gore,F.Gore,SF,RB,00-0023500
2012,post,Garrett Graham,G.Graham,HOU,TE,00-0027718
2012,post,Golden Tate,G.Tate,SEA,WR,00-0027891
2012,post,Greg Jennings,G.Jennings,GB,WR,00-0024267
2012,post,Harry Douglas,H.Douglas,ATL,WR,00-0026224
2012,post,Jacob Hester,J.Hester,DEN,RB,00-0026209
2012,post,Jacob Tamme,J.Tamme,DEN,TE,00-0026267
2012,post,Jacoby Jones,J.Jones,BAL,WR,00-0025460
2012,post,Jacquizz Rodgers,J.Rodgers,ATL,RB,00-0028083
2012,post,James Jones,J.Jones,GB,WR,00-0025465
2012,post,Jarius Wright,J.Wright,MIN,WR,00-0029572
2012,post,Jason Snelling,J.Snelling,ATL,FB,00-0025631
2012,post,Jermaine Gresham,J.Gresham,CIN,TE,00-0027873
2012,post,Jermichael Finley,J.Finley,GB,TE,00-0026231
2012,post,Jerome Simpson,J.Simpson,MIN,WR,00-0026186
2012,post,Joe Flacco,J.Flacco,BAL,QB,00-0026158
2012,post,Joe Webb,J.Webb,MIN,QB,00-0027796
2012,post,Joel Dreessen,J.Dreessen,DEN,TE,00-0023630
2012,post,John Carlson,J.Carlson,MIN,TE,00-0026178
2012,post,John Kuhn,J.Kuhn,GB,FB,00-0022999
2012,post,Jordy Nelson,J.Nelson,GB,WR,00-0026176
2012,post,Josh Morgan,J.Morgan,WAS,WR,00-0026314
2012,post,Julio Jones,J.Jones,ATL,WR,00-0027944
2012,post,Kevin Walter,K.Walter,HOU,WR,00-0021931
2012,post,Kirk Cousins,K.Cousins,WAS,QB,00-0029604
2012,post,Knowshon Moreno,K.Moreno,DEN,RB,00-0026988
2012,post,Kyle Rudolph,K.Rudolph,MIN,TE,00-0027981
2012,post,LaMichael James,L.James,SF,RB,00-0029260
2012,post,LaVon Brazill,L.Brazill,IND,WR,00-0029548
2012,post,Leonard Hankerson,L.Hankerson,WAS,WR,00-0028017
2012,post,Lestar Jean,L.Jean,HOU,WR,00-0028542
2012,post,Logan Paulsen,L.Paulsen,WAS,TE,00-0027215
2012,post,Marshawn Lynch,M.Lynch,SEA,RB,00-0025399
2012,post,Marvin Jones,M.Jones,CIN,WR,00-0029293
2012,post,Matt Ryan,M.Ryan,ATL,QB,00-0026143
2012,post,Matt Schaub,M.Schaub,HOU,QB,00-0022787
2012,post,Matt Willis,M.Willis,DEN,WR,00-0024756
2012,post,Mewelde Moore,M.Moore,IND,RB,00-0022217
2012,post,Michael Crabtree,M.Crabtree,SF,WR,00-0026986
2012,post,Michael Jenkins,M.Jenkins,MIN,WR,00-0022781
2012,post,Michael Robinson,M.Robinson,SEA,FB,00-0024315
2012,post,Michael Turner,M.Turner,ATL,RB,00-0022821
2012,post,Mike Cox,M.Cox,ATL,FB,00-0026033
2012,post,Owen Daniels,O.Daniels,HOU,TE,00-0024313
2012,post,Peyton Manning,P.Manning,DEN,QB,00-0010346
2012,post,Pierre Garcon,P.Garcon,WAS,WR,00-0026345
2012,post,Randall Cobb,R.Cobb,GB,WR,00-0028002
2012,post,Randy Moss,R.Moss,SF,WR,00-0011754
2012,post,Ray Rice,R.Rice,BAL,RB,00-0026195
2012,post,Reggie Wayne,R.Wayne,IND,WR,00-0020498
2012,post,Rhett Ellison,R.Ellison,MIN,TE,00-0029587
2012,post,Rob Gronkowski,R.Gronkowski,NE,TE,00-0027656
2012,post,Robert Griffin III,R.III,WAS,QB,00-0029665
2012,post,Robert Turbin,R.Turbin,SEA,RB,00-0029273
2012,post,Roddy White,R.White,ATL,WR,00-0023462
2012,post,Ronnie Hillman,R.Hillman,DEN,RB,00-0029683
2012,post,Russell Wilson,R.Wilson,SEA,QB,00-0029263
2012,post,Ryan Grant,R.Grant,GB,RB,00-0022984
2012,post,Ryan Taylor,R.Taylor,GB,TE,00-0028156
2012,post,Santana Moss,S.Moss,WAS,WR,00-0020494
2012,post,Shane Vereen,S.Vereen,NE,RB,00-0027994
2012,post,Sidney Rice,S.Rice,SEA,WR,00-0025431
2012,post,Stevan Ridley,S.Ridley,NE,RB,00-0028011
2012,post,T.Y. Hilton,T.Hilton,IND,WR,00-0029608
2012,post,Tandon Doss,T.Doss,BAL,WR,00-0028061
2012,post,Ted Ginn,T.Ginn,SF,WR,00-0025396
2012,post,Tom Brady,T.Brady,NE,QB,00-0019596
2012,post,Tom Crabtree,T.Crabtree,GB,TE,00-0026878
2012,post,Tony Gonzalez,T.Gonzalez,ATL,TE,00-0006101
2012,post,Torrey Smith,T.Smith,BAL,WR,00-0027996
2012,post,Vernon Davis,V.Davis,SF,TE,00-0024221
2012,post,Vick Ballard,V.Ballard,IND,RB,00-0029547
2012,post,Vonta Leach,V.Leach,BAL,FB,00-0022397
2012,post,Wes Welker,W.Welker,NE,WR,00-0022427
2012,post,Zach Miller,Z.Miller,SEA,TE,00-0025425
