season,season_type,full_player_name,abbr_player_name,team,position,gsis_id
2018,post,Adam Shaheen,A.Shaheen,CHI,TE,00-0033896
2018,post,Alfred Blue,A.Blue,HOU,RB,00-0031075
2018,post,Allen Hurns,A.Hurns,DAL,WR,00-0030821
2018,post,Allen Robinson,A.Robinson,CHI,WR,00-0031428
2018,post,Alshon Jeffery,A.Jeffery,PHI,WR,00-0029137
2018,post,Alvin Kamara,A.Kamara,NO,RB,00-0033906
2018,post,Amari Cooper,A.Cooper,DAL,WR,00-0031544
2018,post,Andrew Luck,A.Luck,IND,QB,00-0029668
2018,post,Anthony Miller,A.Miller,CHI,WR,00-0034353
2018,post,Antonio Gates,A.Gates,LAC,TE,00-0021547
2018,post,Austin Carr,A.Carr,NO,WR,00-0033382
2018,post,Austin Ekeler,A.Ekeler,LAC,RB,00-0033699
2018,post,Ben Braunecker,B.Braunecker,CHI,TE,00-0032661
2018,post,Benjamin Watson,B.Watson,NO,TE,00-0022943
2018,post,Benny Cunningham,B.Cunningham,CHI,RB,00-0029795
2018,post,Blake Jarwin,B.Jarwin,DAL,TE,00-0033658
2018,post,Brandin Cooks,B.Cooks,LA,WR,00-0031236
2018,post,C.J. Anderson,C.Anderson,LA,RB,00-0029854
2018,post,Chester Rogers,C.Rogers,IND,WR,00-0032355
2018,post,Chris Carson,C.Carson,SEA,RB,00-0033594
2018,post,Chris Conley,C.Conley,KC,WR,00-0032128
2018,post,Chris Hogan,C.Hogan,NE,WR,00-0028237
2018,post,Chris Moore,C.Moore,BAL,WR,00-0032398
2018,post,Cole Beasley,C.Beasley,DAL,WR,00-0029000
2018,post,Cordarrelle Patterson,C.Patterson,NE,WR,00-0030578
2018,post,D'Onta Foreman,D.Foreman,HOU,RB,00-0033925
2018,post,Dak Prescott,D.Prescott,DAL,QB,00-0033077
2018,post,Dallas Goedert,D.Goedert,PHI,TE,00-0034351
2018,post,Dalton Schultz,D.Schultz,DAL,TE,00-0034383
2018,post,Damien Williams,D.Williams,KC,RB,00-0030874
2018,post,Dan Arnold,D.Arnold,NO,TE,00-0034011
2018,post,Darrel Williams,D.Williams,KC,RB,00-0034301
2018,post,Darren Sproles,D.Sproles,PHI,RB,00-0023564
2018,post,DeAndre Hopkins,D.Hopkins,HOU,WR,00-0030564
2018,post,Demarcus Robinson,D.Robinson,KC,WR,00-0032775
2018,post,Demetrius Harris,D.Harris,KC,TE,00-0030155
2018,post,Deshaun Watson,D.Watson,HOU,QB,00-0033537
2018,post,Dontrelle Inman,D.Inman,IND,WR,00-0028411
2018,post,Doug Baldwin,D.Baldwin,SEA,WR,00-0028434
2018,post,Drew Brees,D.Brees,NO,QB,00-0020531
2018,post,Ed Dickson,E.Dickson,SEA,TE,00-0027675
2018,post,Eric Ebron,E.Ebron,IND,TE,00-0031387
2018,post,Ezekiel Elliott,E.Elliott,DAL,RB,00-0033045
2018,post,Garrett Griffin,G.Griffin,NO,TE,00-0033095
2018,post,Gehrig Dieter,G.Dieter,KC,WR,00-0033474
2018,post,Gerald Everett,G.Everett,LA,TE,00-0033895
2018,post,Golden Tate,G.Tate,PHI,WR,00-0027891
2018,post,Gus Edwards,G.Edwards,BAL,RB,00-0034184
2018,post,Hayden Hurst,H.Hurst,BAL,TE,00-0034830
2018,post,Hunter Henry,H.Henry,LAC,TE,00-0033090
2018,post,James Develin,J.Develin,NE,FB,00-0027925
2018,post,James White,J.White,NE,RB,00-0031062
2018,post,Jared Goff,J.Goff,LA,QB,00-0033106
2018,post,John Brown,J.Brown,BAL,WR,00-0031051
2018,post,Jordan Akins,J.Akins,HOU,TE,00-0034364
2018,post,Jordan Howard,J.Howard,CHI,RB,00-0032780
2018,post,Jordan Matthews,J.Matthews,PHI,WR,00-0031299
2018,post,Jordan Wilkins,J.Wilkins,IND,RB,00-0034400
2018,post,Josh Adams,J.Adams,PHI,RB,00-0034457
2018,post,Josh Bellamy,J.Bellamy,CHI,WR,00-0029319
2018,post,Josh Hill,J.Hill,NO,TE,00-0030216
2018,post,Josh Reynolds,J.Reynolds,LA,WR,00-0033943
2018,post,Julian Edelman,J.Edelman,NE,WR,00-0027150
2018,post,Justin Jackson,J.Jackson,LAC,RB,00-0034440
2018,post,Keenan Allen,K.Allen,LAC,WR,00-0030279
2018,post,Keith Kirkwood,K.Kirkwood,NO,WR,00-0034317
2018,post,Keke Coutee,K.Coutee,HOU,WR,00-0034366
2018,post,Kenneth Dixon,K.Dixon,BAL,RB,00-0032411
2018,post,Lamar Jackson,L.Jackson,BAL,QB,00-0034796
2018,post,Lamar Miller,L.Miller,HOU,RB,00-0029615
2018,post,Mark Andrews,M.Andrews,BAL,TE,00-0034753
2018,post,Mark Ingram,M.Ingram,NO,RB,00-0027966
2018,post,Marlon Mack,M.Mack,IND,RB,00-0033951
2018,post,Maxx Williams,M.Williams,BAL,TE,00-0031558
2018,post,Melvin Gordon,M.Gordon,LAC,RB,00-0032144
2018,post,Michael Crabtree,M.Crabtree,BAL,WR,00-0026986
2018,post,Michael Gallup,M.Gallup,DAL,WR,00-0034764
2018,post,Michael Thomas,M.Thomas,NO,WR,00-0032765
2018,post,Mike Davis,M.Davis,SEA,RB,00-0032063
2018,post,Mike Williams,M.Williams,LAC,WR,00-0033536
2018,post,Mitchell Trubisky,M.Trubisky,CHI,QB,00-0033869
2018,post,Mo Alie-Cox,M.Alie-Cox,IND,TE,00-0033217
2018,post,Nelson Agholor,N.Agholor,PHI,WR,00-0031549
2018,post,Nick Foles,N.Foles,PHI,QB,00-0029567
2018,post,Nick Vannett,N.Vannett,SEA,TE,00-0032394
2018,post,Noah Brown,N.Brown,DAL,WR,00-0033591
2018,post,Nyheim Hines,N.Hines,IND,RB,00-0034367
2018,post,Patrick Mahomes,P.Mahomes,KC,QB,00-0033873
2018,post,Philip Rivers,P.Rivers,LAC,QB,00-0022942
2018,post,Phillip Dorsett,P.Dorsett,NE,WR,00-0032208
2018,post,Rashaad Penny,R.Penny,SEA,RB,00-0034750
2018,post,Rex Burkhead,R.Burkhead,NE,RB,00-0030288
2018,post,Rico Gathers,R.Gathers,DAL,TE,00-0033054
2018,post,Rob Gronkowski,R.Gronkowski,NE,TE,00-0027656
2018,post,Robert Woods,R.Woods,LA,WR,00-0030431
2018,post,Rod Smith,R.Smith,DAL,RB,00-0031900
2018,post,Russell Wilson,R.Wilson,SEA,QB,00-0029263
2018,post,Ryan Griffin,R.Griffin,HOU,TE,00-0030108
2018,post,Ryan Hewitt,R.Hewitt,IND,TE,00-0030780
2018,post,Sammy Watkins,S.Watkins,KC,WR,00-0031325
2018,post,Sony Michel,S.Michel,NE,RB,00-0034845
2018,post,T.Y. Hilton,T.Hilton,IND,WR,00-0029608
2018,post,Taquan Mizzell,T.Mizzell,CHI,RB,00-0033373
2018,post,Tarik Cohen,T.Cohen,CHI,RB,00-0033556
2018,post,Tavon Austin,T.Austin,DAL,WR,00-0030525
2018,post,Taylor Gabriel,T.Gabriel,CHI,WR,00-0031228
2018,post,Taysom Hill,T.Hill,NO,QB,00-0033357
2018,post,Ted Ginn,T.Ginn,NO,WR,00-0025396
2018,post,Todd Gurley,T.Gurley,LA,RB,00-0032241
2018,post,Tom Brady,T.Brady,NE,QB,00-0019596
2018,post,Tommylee Lewis,T.Lewis,NO,WR,00-0032881
2018,post,Travis Benjamin,T.Benjamin,LAC,WR,00-0029269
2018,post,Travis Kelce,T.Kelce,KC,TE,00-0030506
2018,post,Tre'Quan Smith,T.Smith,NO,WR,00-0034765
2018,post,Tyler Higbee,T.Higbee,LA,TE,00-0033110
2018,post,Tyler Lockett,T.Lockett,SEA,WR,00-0032211
2018,post,Tyreek Hill,T.Hill,KC,WR,00-0033040
2018,post,Tyrell Williams,T.Williams,LAC,WR,00-0032160
2018,post,Virgil Green,V.Green,LAC,TE,00-0028142
2018,post,Vyncint Smith,V.Smith,HOU,WR,00-0034631
2018,post,Wendell Smallwood,W.Smallwood,PHI,RB,00-0032782
2018,post,Willie Snead,W.Snead,BAL,WR,00-0030663
2018,post,Zach Ertz,Z.Ertz,PHI,TE,00-0030061
2018,post,Zach Line,Z.Line,NO,FB,00-0029931
2018,post,Zach Pascal,Z.Pascal,IND,WR,00-0033251
