season,season_type,full_player_name,abbr_player_name,team,position,gsis_id
2017,pre,A.J. Green,A.Green,CIN,WR,00-0027942
2017,pre,Aaron Dobson,A.Dobson,ARI,WR,00-0030540
2017,pre,Aaron Jones,A.Jones,GB,RB,00-0033293
2017,pre,Aaron Peck,A.Peck,GB,TE,00-0033360
2017,pre,Aaron Rodgers,A.Rodgers,GB,QB,00-0023459
2017,pre,Adam Humphries,A.Humphries,TB,WR,00-0032009
2017,pre,Adam Shaheen,A.Shaheen,CHI,TE,00-0033896
2017,pre,Adam Thielen,A.Thielen,MIN,WR,00-0030035
2017,pre,Adam Zaruba,A.Zaruba,PHI,TE,00-0034000
2017,pre,AJ McCarron,A.McCarron,CIN,QB,00-0031288
2017,pre,Alan Cross,A.Cross,TB,TE,00-0032745
2017,pre,Albert Wilson,A.Wilson,KC,WR,00-0030669
2017,pre,Aldrick Robinson,A.Robinson,SF,WR,00-0028116
2017,pre,Alex Erickson,A.Erickson,CIN,WR,00-0032543
2017,pre,Alex Gray,A.Gray,ATL,TE,00-0034010
2017,pre,Alex Smith,A.Smith,KC,QB,00-0023436
2017,pre,Alex Tanney,A.Tanney,TEN,QB,00-0029623
2017,pre,Alfred Blue,A.Blue,HOU,RB,00-0031075
2017,pre,Alfred Morris,A.Morris,DAL,RB,00-0029141
2017,pre,Allen Hurns,A.Hurns,JAX,WR,00-0030821
2017,pre,Allen Robinson,A.Robinson,JAX,WR,00-0031428
2017,pre,Alshon Jeffery,A.Jeffery,PHI,WR,00-0029137
2017,pre,Alvin Kamara,A.Kamara,NO,RB,00-0033906
2017,pre,Amara Darboh,A.Darboh,SEA,WR,00-0033937
2017,pre,Amari Cooper,A.Cooper,OAK,WR,00-0031544
2017,pre,Ameer Abdullah,A.Abdullah,DET,RB,00-0032104
2017,pre,Andre Holmes,A.Holmes,BUF,WR,00-0028263
2017,pre,Andre Patton,A.Patton,LAC,WR,00-0033705
2017,pre,Andre Williams,A.Williams,LAC,RB,00-0031055
2017,pre,Andy Dalton,A.Dalton,CIN,QB,00-0027973
2017,pre,Anquan Boldin,A.Boldin,BUF,WR,00-0022084
2017,pre,Anthony Dable,A.Dable,ATL,WR,00-0032333
2017,pre,Anthony Fasano,A.Fasano,MIA,TE,00-0024268
2017,pre,Anthony Nash,A.Nash,DEN,WR,00-0033669
2017,pre,Antonio Brown,A.Brown,PIT,WR,00-0027793
2017,pre,Antonio Gates,A.Gates,LAC,TE,00-0021547
2017,pre,Antony Auclair,A.Auclair,TB,TE,00-0033421
2017,pre,ArDarius Stewart,A.Stewart,NYJ,WR,00-0033916
2017,pre,Arrelious Benn,A.Benn,JAX,WR,00-0027654
2017,pre,Artavis Scott,A.Scott,LAC,WR,00-0033706
2017,pre,Austin Davis,A.Davis,SEA,QB,00-0028957
2017,pre,Austin Duke,A.Duke,CAR,WR,00-0033409
2017,pre,Austin Ekeler,A.Ekeler,LAC,RB,00-0033699
2017,pre,Austin Hooper,A.Hooper,ATL,TE,00-0032392
2017,pre,Austin Seferian-Jenkins,A.Seferian-Jenkins,NYJ,TE,00-0031418
2017,pre,Austin Traylor,A.Traylor,DEN,TE,00-0033043
2017,pre,Bart Houston,B.Houston,PIT,QB,00-0033866
2017,pre,Ben Braunecker,B.Braunecker,CHI,TE,00-0032661
2017,pre,Ben Koyack,B.Koyack,JAX,TE,00-0032139
2017,pre,Ben Roethlisberger,B.Roethlisberger,PIT,QB,00-0022924
2017,pre,Benjamin Watson,B.Watson,BAL,TE,00-0022943
2017,pre,Bennie Fowler,B.Fowler,DEN,WR,00-0030670
2017,pre,Benny Cunningham,B.Cunningham,CHI,RB,00-0029795
2017,pre,Bilal Powell,B.Powell,NYJ,RB,00-0028064
2017,pre,Billy Brown,B.Brown,PHI,TE,00-0033735
2017,pre,Bishop Sankey,B.Sankey,MIN,RB,00-0031413
2017,pre,Blaine Gabbert,B.Gabbert,ARI,QB,00-0027948
2017,pre,Blake Bortles,B.Bortles,JAX,QB,00-0031407
2017,pre,Blake Jarwin,B.Jarwin,DAL,TE,00-0033658
2017,pre,Blake Sims,B.Sims,TB,RB,00-0033193
2017,pre,Bobby Rainey,B.Rainey,BAL,RB,00-0029384
2017,pre,Bobo Wilson,B.Wilson,TB,WR,00-0033434
2017,pre,Bra'lon Cherry,B.Cherry,ATL,WR,00-0033801
2017,pre,Branden Oliver,B.Oliver,LAC,RB,00-0031277
2017,pre,Brandin Cooks,B.Cooks,NE,WR,00-0031236
2017,pre,Brandon Bolden,B.Bolden,NE,RB,00-0029239
2017,pre,Brandon Coleman,B.Coleman,NO,WR,00-0030801
2017,pre,Brandon Doughty,B.Doughty,MIA,QB,00-0032446
2017,pre,Brandon LaFell,B.LaFell,CIN,WR,00-0027681
2017,pre,Brandon Marshall,B.Marshall,NYG,WR,00-0024334
2017,pre,Brandon Reilly,B.Reilly,BUF,WR,00-0033620
2017,pre,Brandon Shippen,B.Shippen,LA,WR,00-0032625
2017,pre,Brandon Tate,B.Tate,BUF,WR,00-0027057
2017,pre,Brandon Williams,B.Williams,IND,TE,00-0029793
2017,pre,Braxton Miller,B.Miller,HOU,WR,00-0033069
2017,pre,Brent Celek,B.Celek,PHI,TE,00-0025549
2017,pre,Brenton Bersin,B.Bersin,CAR,WR,00-0029394
2017,pre,Brett Hundley,B.Hundley,GB,QB,00-0031589
2017,pre,Brian Brown,B.Brown,DAL,WR,00-0033655
2017,pre,Brian Quick,B.Quick,WAS,WR,00-0029640
2017,pre,Brice Butler,B.Butler,DAL,WR,00-0030516
2017,pre,Brittan Golden,B.Golden,ARI,WR,00-0029336
2017,pre,Bruce Ellington,B.Ellington,HOU,WR,00-0031326
2017,pre,Bryce Petty,B.Petty,NYJ,QB,00-0031568
2017,pre,C.J. Anderson,C.Anderson,DEN,RB,00-0029854
2017,pre,C.J. Beathard,C.Beathard,SF,QB,00-0033936
2017,pre,C.J. Germany,C.Germany,NYG,WR,00-0034015
2017,pre,C.J. Ham,C.Ham,MIN,RB,00-0032918
2017,pre,C.J. Prosise,C.Prosise,SEA,RB,00-0032393
2017,pre,C.J. Spiller,C.Spiller,KC,RB,00-0027861
2017,pre,Cam Newton,C.Newton,CAR,QB,00-0027939
2017,pre,Cameron Artis-Payne,C.Artis-Payne,CAR,RB,00-0031599
2017,pre,Cameron Brate,C.Brate,TB,TE,00-0031273
2017,pre,Cameron Meredith,C.Meredith,CHI,WR,00-0031912
2017,pre,Cameron Posey,C.Posey,LAC,WR,00-0033991
2017,pre,Cardale Jones,C.Jones,LAC,QB,00-0033098
2017,pre,Carlos Henderson,C.Henderson,DEN,WR,00-0033919
2017,pre,Carlos Hyde,C.Hyde,SF,RB,00-0031045
2017,pre,Carlton Agudosi,C.Agudosi,ARI,WR,00-0033599
2017,pre,Carson Palmer,C.Palmer,ARI,QB,00-0021429
2017,pre,Carson Wentz,C.Wentz,PHI,QB,00-0032950
2017,pre,Case Keenum,C.Keenum,MIN,QB,00-0028986
2017,pre,Cayleb Jones,C.Jones,MIN,WR,00-0032963
2017,pre,Cedric O'Neal,C.O'Neal,BUF,RB,00-0032838
2017,pre,Cethan Carter,C.Carter,CIN,TE,00-0033338
2017,pre,Chad Hansen,C.Hansen,NYJ,WR,00-0033840
2017,pre,Chad Henne,C.Henne,JAX,QB,00-0026197
2017,pre,Charcandrick West,C.West,KC,RB,00-0030668
2017,pre,Charles Clay,C.Clay,BUF,TE,00-0028112
2017,pre,Charles Sims,C.Sims,TB,RB,00-0031390
2017,pre,Charone Peake,C.Peake,NYJ,WR,00-0032959
2017,pre,Chase Daniel,C.Daniel,NO,QB,00-0026544
2017,pre,Chester Rogers,C.Rogers,IND,WR,00-0032355
2017,pre,Chris Brown,C.Brown,CIN,WR,00-0032702
2017,pre,Chris Carson,C.Carson,SEA,RB,00-0033594
2017,pre,Chris Conley,C.Conley,KC,WR,00-0032128
2017,pre,Chris Godwin,C.Godwin,TB,WR,00-0033921
2017,pre,Chris Gragg,C.Gragg,NYJ,TE,00-0030049
2017,pre,Chris Harper,C.Harper,NYJ,WR,00-0031854
2017,pre,Chris Hogan,C.Hogan,NE,WR,00-0028237
2017,pre,Chris Hubert,C.Hubert,ARI,WR,00-0032815
2017,pre,Chris Ivory,C.Ivory,JAX,RB,00-0027531
2017,pre,Chris Johnson,C.Johnson,ARI,RB,00-0026164
2017,pre,Chris Manhertz,C.Manhertz,CAR,TE,00-0031484
2017,pre,Chris Matthews,C.Matthews,BAL,WR,00-0028702
2017,pre,Chris Moore,C.Moore,BAL,WR,00-0032398
2017,pre,Chris Pantale,C.Pantale,MIA,TE,00-0030171
2017,pre,Chris Thompson,C.Thompson,HOU,WR,00-0033855
2017,pre,Chris Thompson,C.Thompson,WAS,RB,00-0030404
2017,pre,Christian Hackenberg,C.Hackenberg,NYJ,QB,00-0032953
2017,pre,Christian McCaffrey,C.McCaffrey,CAR,RB,00-0033280
2017,pre,Clay Harbor,C.Harbor,NO,TE,00-0027725
2017,pre,Clive Walford,C.Walford,OAK,TE,00-0032256
2017,pre,Coby Fleener,C.Fleener,NO,TE,00-0029697
2017,pre,Cody Core,C.Core,CIN,WR,00-0032795
2017,pre,Cody Hollister,C.Hollister,NE,WR,00-0033386
2017,pre,Cody Kessler,C.Kessler,CLE,QB,00-0033104
2017,pre,Cody Latimer,C.Latimer,DEN,WR,00-0031344
2017,pre,Cole Beasley,C.Beasley,DAL,WR,00-0029000
2017,pre,Cole Hikutini,C.Hikutini,SF,TE,00-0033315
2017,pre,Colt McCoy,C.McCoy,WAS,QB,00-0027688
2017,pre,Connor Cook,C.Cook,OAK,QB,00-0032893
2017,pre,Connor Hamlett,C.Hamlett,DAL,TE,00-0031732
2017,pre,Connor Shaw,C.Shaw,CHI,QB,00-0030661
2017,pre,Cooper Helfet,C.Helfet,OAK,TE,00-0029534
2017,pre,Cooper Kupp,C.Kupp,LA,WR,00-0033908
2017,pre,Cooper Rush,C.Rush,DAL,QB,00-0033662
2017,pre,Cordarrelle Patterson,C.Patterson,OAK,WR,00-0030578
2017,pre,Corey Brown,C.Brown,BUF,WR,00-0031118
2017,pre,Corey Clement,C.Clement,PHI,RB,00-0033725
2017,pre,Corey Coleman,C.Coleman,CLE,WR,00-0032966
2017,pre,Corey Fuller,C.Fuller,NO,WR,00-0030095
2017,pre,Corey Grant,C.Grant,JAX,RB,00-0031731
2017,pre,Cory Harkey,C.Harkey,LA,TE,00-0028958
2017,pre,Curtis Samuel,C.Samuel,CAR,WR,00-0033282
2017,pre,D'Onta Foreman,D.Foreman,HOU,RB,00-0033925
2017,pre,Da'Ron Brown,D.Brown,LAC,WR,00-0031960
2017,pre,Daikiel Shorts,D.Shorts,BUF,WR,00-0033622
2017,pre,Dak Prescott,D.Prescott,DAL,QB,00-0033077
2017,pre,Dalton Crossan,D.Crossan,IND,RB,00-0033257
2017,pre,Dalvin Cook,D.Cook,MIN,RB,00-0033893
2017,pre,Damien Williams,D.Williams,MIA,RB,00-0030874
2017,pre,Damiere Byrd,D.Byrd,CAR,WR,00-0031868
2017,pre,Dan Orlovsky,D.Orlovsky,LA,QB,00-0023578
2017,pre,Dane Evans,D.Evans,PHI,QB,00-0033999
2017,pre,Daniel Brown,D.Brown,CHI,TE,00-0032098
2017,pre,Daniel Lasco,D.Lasco,NO,RB,00-0032804
2017,pre,Danny Amendola,D.Amendola,NE,WR,00-0026035
2017,pre,Danny Woodhead,D.Woodhead,BAL,RB,00-0026019
2017,pre,Darion Griswold,D.Griswold,ATL,TE,00-0032347
2017,pre,Darius Jennings,D.Jennings,TEN,WR,00-0031972
2017,pre,Darius Powe,D.Powe,NYG,WR,00-0032656
2017,pre,Darrel Young,D.Young,CAR,FB,00-0026852
2017,pre,Darrell Daniels,D.Daniels,IND,TE,00-0033258
2017,pre,Darren Fells,D.Fells,DET,TE,00-0029738
2017,pre,Darren McFadden,D.McFadden,DAL,RB,00-0026144
2017,pre,Darrius Heyward-Bey,D.Heyward-Bey,PIT,WR,00-0026983
2017,pre,Daryl Richardson,D.Richardson,IND,RB,00-0029612
2017,pre,Davante Adams,D.Adams,GB,WR,00-0031381
2017,pre,David Fales,D.Fales,MIA,QB,00-0031076
2017,pre,David Fluellen,D.Fluellen,TEN,RB,00-0030711
2017,pre,David Johnson,D.Johnson,ARI,RB,00-0032187
2017,pre,David Johnson,D.Johnson,PIT,TE,00-0026957
2017,pre,David Morgan,D.Morgan,MIN,TE,00-0032430
2017,pre,David Njoku,D.Njoku,CLE,TE,00-0033885
2017,pre,David Watford,D.Watford,PHI,WR,00-0033146
2017,pre,Davis Webb,D.Webb,NYG,QB,00-0033550
2017,pre,De'Angelo Henderson Sr.,D.Sr.,DEN,RB,00-0033581
2017,pre,De'Anthony Thomas,D.Thomas,KC,WR,00-0031060
2017,pre,De'Mard Llorens,D.Llorens,IND,RB,00-0033842
2017,pre,De'Mard Llorens,D.Llorens,LA,RB,00-0033842
2017,pre,De'Quan Hampton,D.Hampton,NO,WR,00-0034027
2017,pre,De'Veon Smith,D.Smith,MIA,RB,00-0033413
2017,pre,DeAndre Carter,D.Carter,SF,WR,00-0031763
2017,pre,DeAndre Hopkins,D.Hopkins,HOU,WR,00-0030564
2017,pre,DeAndre Smelter,D.Smelter,SF,WR,00-0032064
2017,pre,DeAndre Washington,D.Washington,OAK,RB,00-0032940
2017,pre,DeAngelo Yancey,D.Yancey,GB,WR,00-0033291
2017,pre,Deante Burton,D.Burton,ATL,WR,00-0033222
2017,pre,Dede Westbrook,D.Westbrook,JAX,WR,00-0033839
2017,pre,Delanie Walker,D.Walker,TEN,TE,00-0024389
2017,pre,DeMarco Murray,D.Murray,TEN,RB,00-0028009
2017,pre,Demarcus Robinson,D.Robinson,KC,WR,00-0032775
2017,pre,Demaryius Thomas,D.Thomas,DEN,WR,00-0027874
2017,pre,Demetrius Harris,D.Harris,KC,TE,00-0030155
2017,pre,Derek Anderson,D.Anderson,CAR,QB,00-0023645
2017,pre,Derek Carr,D.Carr,OAK,QB,00-0031280
2017,pre,Derel Walker,D.Walker,TB,WR,00-0030797
2017,pre,Derrick Henry,D.Henry,TEN,RB,00-0032764
2017,pre,DeSean Jackson,D.Jackson,TB,WR,00-0026189
2017,pre,Deshaun Watson,D.Watson,HOU,QB,00-0033537
2017,pre,DeShone Kizer,D.Kizer,CLE,QB,00-0033899
2017,pre,Devante Mays,D.Mays,GB,RB,00-0033304
2017,pre,DeVante Parker,D.Parker,MIA,WR,00-0031547
2017,pre,Devin Funchess,D.Funchess,CAR,WR,00-0032055
2017,pre,Devin Street,D.Street,HOU,WR,00-0031310
2017,pre,Devine Redding,D.Redding,KC,RB,00-0033515
2017,pre,Devonta Freeman,D.Freeman,ATL,RB,00-0031285
2017,pre,Dez Bryant,D.Bryant,DAL,WR,00-0027902
2017,pre,Dezmin Lewis,D.Lewis,BUF,WR,00-0032070
2017,pre,Dion Lewis,D.Lewis,NE,RB,00-0028087
2017,pre,Dion Sims,D.Sims,CHI,TE,00-0030422
2017,pre,Donnel Pumphrey,D.Pumphrey,PHI,RB,00-0033561
2017,pre,Donte Moncrief,D.Moncrief,IND,WR,00-0031339
2017,pre,Donteea Dye,D.Dye,TB,WR,00-0032008
2017,pre,Dontez Ford,D.Ford,DET,WR,00-0033747
2017,pre,Doug Baldwin,D.Baldwin,SEA,WR,00-0028434
2017,pre,Doug Martin,D.Martin,TB,RB,00-0029613
2017,pre,Drew Brees,D.Brees,NO,QB,00-0020531
2017,pre,Drew Morgan,D.Morgan,MIA,WR,00-0033407
2017,pre,Drew Stanton,D.Stanton,ARI,QB,00-0025430
2017,pre,DuJuan Harris,D.Harris,JAX,RB,00-0028409
2017,pre,Duke Johnson,D.Johnson,CLE,RB,00-0032257
2017,pre,Dustin Vaughan,D.Vaughan,BAL,QB,00-0030970
2017,pre,Dwayne Harris,D.Harris,NYG,WR,00-0028114
2017,pre,Dwayne Washington,D.Washington,DET,RB,00-0032450
2017,pre,E.J. Bibbs,E.Bibbs,WAS,TE,00-0031968
2017,pre,Ed Dickson,E.Dickson,CAR,TE,00-0027675
2017,pre,Ed Eagan,E.Eagan,NYG,WR,00-0032705
2017,pre,Eddie Lacy,E.Lacy,SEA,RB,00-0030485
2017,pre,EJ Manuel,E.Manuel,OAK,QB,00-0030526
2017,pre,Eli Manning,E.Manning,NYG,QB,00-0022803
2017,pre,Eli Rogers,E.Rogers,PIT,WR,00-0031782
2017,pre,Elijah Hood,E.Hood,OAK,RB,00-0033975
2017,pre,Elijah McGuire,E.McGuire,NYJ,RB,00-0033295
2017,pre,Elijhaa Penny,E.Penny,ARI,RB,00-0032813
2017,pre,Emanuel Byrd,E.Byrd,GB,TE,00-0033514
2017,pre,Emmanuel Sanders,E.Sanders,DEN,WR,00-0027685
2017,pre,Eric Saubert,E.Saubert,ATL,TE,00-0033576
2017,pre,Eric Tomlinson,E.Tomlinson,NYJ,TE,00-0031690
2017,pre,Eric Wallace,E.Wallace,CAR,TE,00-0033137
2017,pre,Evan Engram,E.Engram,NYG,TE,00-0033881
2017,pre,Ezekiel Elliott,E.Elliott,DAL,RB,00-0033045
2017,pre,Fitzgerald Toussaint,F.Toussaint,PIT,RB,00-0031332
2017,pre,Fozzy Whittaker,F.Whittaker,CAR,RB,00-0029731
2017,pre,Francis Owusu,F.Owusu,MIA,WR,00-0033411
2017,pre,Frank Gore,F.Gore,IND,RB,00-0023500
2017,pre,Frankie Hammond,F.Hammond,NYJ,WR,00-0030154
2017,pre,Freddie Martino,F.Martino,TB,WR,00-0030737
2017,pre,Freddie Stevenson,F.Stevenson,CHI,RB,00-0033640
2017,pre,Gabe Marks,G.Marks,NYJ,WR,00-0033472
2017,pre,Garrett Celek,G.Celek,SF,TE,00-0028903
2017,pre,Garrett Gilbert,G.Gilbert,CAR,QB,00-0031395
2017,pre,Garrett Griffin,G.Griffin,NO,TE,00-0033095
2017,pre,Gehrig Dieter,G.Dieter,KC,WR,00-0033474
2017,pre,Geno Smith,G.Smith,NYG,QB,00-0030565
2017,pre,Geoff Swaim,G.Swaim,DAL,TE,00-0032141
2017,pre,George Kittle,G.Kittle,SF,TE,00-0033288
2017,pre,George Winn,G.Winn,IND,RB,00-0030247
2017,pre,Gerald Christian,G.Christian,ARI,TE,00-0032190
2017,pre,Gerald Everett,G.Everett,LA,TE,00-0033895
2017,pre,Geremy Davis,G.Davis,LAC,WR,00-0031953
2017,pre,Germone Hopper,G.Hopper,HOU,WR,00-0034037
2017,pre,Geronimo Allison,G.Allison,GB,WR,00-0032626
2017,pre,Gio Pascascio,G.Pascascio,TEN,WR,00-0033803
2017,pre,Giovani Bernard,G.Bernard,CIN,RB,00-0030456
2017,pre,Golden Tate,G.Tate,DET,WR,00-0027891
2017,pre,Greg Olsen,G.Olsen,CAR,TE,00-0025418
2017,pre,Greg Ward,G.Ward,PHI,WR,00-0033733
2017,pre,Griff Whalen,G.Whalen,BAL,WR,00-0029033
2017,pre,Harry Douglas,H.Douglas,TEN,WR,00-0026224
2017,pre,Hunter Henry,H.Henry,LAC,TE,00-0033090
2017,pre,Ifeanyi Momah,I.Momah,ARI,TE,00-0029740
2017,pre,Isaac Fruechte,I.Fruechte,MIN,WR,00-0032012
2017,pre,Isaac Whitney,I.Whitney,OAK,WR,00-0033449
2017,pre,Isaiah Burse,I.Burse,LAC,WR,00-0030671
2017,pre,Isaiah Crowell,I.Crowell,CLE,RB,00-0030656
2017,pre,Isaiah McKenzie,I.McKenzie,DEN,WR,00-0033466
2017,pre,Ishmael Zamora,I.Zamora,OAK,WR,00-0033451
2017,pre,J.D. McKissic,J.McKissic,SEA,RB,00-0032602
2017,pre,J.J. Nelson,J.Nelson,ARI,WR,00-0032112
2017,pre,J.P. Holtz,J.Holtz,CLE,TE,00-0032986
2017,pre,Jace Amaro,J.Amaro,TEN,TE,00-0031042
2017,pre,Jace Billingsley,J.Billingsley,DET,WR,00-0032553
2017,pre,Jack Doyle,J.Doyle,IND,TE,00-0030181
2017,pre,Jacob Hollister,J.Hollister,NE,TE,00-0033387
2017,pre,Jacquizz Rodgers,J.Rodgers,TB,RB,00-0028083
2017,pre,Jake McGee,J.McGee,PIT,TE,00-0032997
2017,pre,Jake Rudock,J.Rudock,DET,QB,00-0032431
2017,pre,Jakeem Grant,J.Grant,MIA,WR,00-0032791
2017,pre,Jalen Richard,J.Richard,OAK,RB,00-0033025
2017,pre,Jalin Marshall,J.Marshall,NYJ,WR,00-0032694
2017,pre,Jamaal Charles,J.Charles,DEN,RB,00-0026213
2017,pre,Jamaal Williams,J.Williams,GB,RB,00-0033948
2017,pre,Jamal Robinson,J.Robinson,JAX,WR,00-0032524
2017,pre,Jamari Staples,J.Staples,WAS,WR,00-0033516
2017,pre,Jameis Winston,J.Winston,TB,QB,00-0031503
2017,pre,James Conner,J.Conner,PIT,RB,00-0033553
2017,pre,James Hanna,J.Hanna,DAL,TE,00-0029634
2017,pre,James Quick,J.Quick,WAS,WR,00-0033252
2017,pre,James Summers,J.Summers,ARI,RB,00-0033613
2017,pre,James White,J.White,NE,RB,00-0031062
2017,pre,Jamison Crowder,J.Crowder,WAS,WR,00-0031941
2017,pre,Jared Abbrederis,J.Abbrederis,DET,WR,00-0031021
2017,pre,Jared Cook,J.Cook,OAK,TE,00-0027061
2017,pre,Jared Goff,J.Goff,LA,QB,00-0033106
2017,pre,Jarius Wright,J.Wright,MIN,WR,00-0029572
2017,pre,Jaron Brown,J.Brown,ARI,WR,00-0030300
2017,pre,Jarveon Williams,J.Williams,CIN,RB,00-0033348
2017,pre,Jarvis Landry,J.Landry,MIA,WR,00-0031382
2017,pre,Jason Croom,J.Croom,BUF,TE,00-0033627
2017,pre,Jason Witten,J.Witten,DAL,TE,00-0022127
2017,pre,Javorius Allen,J.Allen,BAL,RB,00-0031577
2017,pre,Jay Cutler,J.Cutler,MIA,QB,00-0024226
2017,pre,Jeff Driskel,J.Driskel,CIN,QB,00-0032436
2017,pre,Jeff Heuerman,J.Heuerman,DEN,TE,00-0032227
2017,pre,Jeff Janis,J.Janis,GB,WR,00-0031001
2017,pre,Jehu Chesson,J.Chesson,KC,WR,00-0033464
2017,pre,Jerell Adams,J.Adams,NYG,TE,00-0032429
2017,pre,Jeremy Hill,J.Hill,CIN,RB,00-0031301
2017,pre,Jeremy Maclin,J.Maclin,BAL,WR,00-0026995
2017,pre,Jeremy Ross,J.Ross,ARI,WR,00-0028249
2017,pre,Jeremy Sprinkle,J.Sprinkle,WAS,TE,00-0033528
2017,pre,Jerick McKinnon,J.McKinnon,MIN,RB,00-0031376
2017,pre,Jermaine Gresham,J.Gresham,ARI,TE,00-0027873
2017,pre,Jerome Cunningham,J.Cunningham,TEN,TE,00-0031462
2017,pre,Jerome Lane,J.Lane,NYG,WR,00-0033264
2017,pre,Jesse James,J.James,PIT,TE,00-0032135
2017,pre,Jimmy Graham,J.Graham,SEA,TE,00-0027696
2017,pre,Joe Banyard,J.Banyard,BUF,RB,00-0029048
2017,pre,Joe Callahan,J.Callahan,GB,QB,00-0032630
2017,pre,Joe Mixon,J.Mixon,CIN,RB,00-0033897
2017,pre,Joe Williams,J.Williams,SF,RB,00-0033286
2017,pre,John Brown,J.Brown,ARI,WR,00-0031051
2017,pre,John Ross,J.Ross,CIN,WR,00-0033460
2017,pre,Johnny Holton,J.Holton,OAK,WR,00-0032935
2017,pre,Johnny Mundt,J.Mundt,LA,TE,00-0033246
2017,pre,Jonathan Grimes,J.Grimes,JAX,RB,00-0029510
2017,pre,Jonathan Krause,J.Krause,TEN,WR,00-0030659
2017,pre,Jonathan Stewart,J.Stewart,CAR,RB,00-0026153
2017,pre,Jonnu Smith,J.Smith,TEN,TE,00-0033858
2017,pre,Jordan Howard,J.Howard,CHI,RB,00-0032780
2017,pre,Jordan Johnson,J.Johnson,BUF,RB,00-0033616
2017,pre,Jordan Leggett,J.Leggett,NYJ,TE,00-0033953
2017,pre,Jordan Payton,J.Payton,CLE,WR,00-0032974
2017,pre,Jordan Reed,J.Reed,WAS,TE,00-0030472
2017,pre,Jordan Taylor,J.Taylor,DEN,WR,00-0031697
2017,pre,Jordy Nelson,J.Nelson,GB,WR,00-0026176
2017,pre,Josh Bellamy,J.Bellamy,CHI,WR,00-0029319
2017,pre,Josh Boyce,J.Boyce,CLE,WR,00-0030474
2017,pre,Josh Doctson,J.Doctson,WAS,WR,00-0032760
2017,pre,Josh Ferguson,J.Ferguson,IND,RB,00-0032377
2017,pre,Josh Hill,J.Hill,NO,TE,00-0030216
2017,pre,Josh Huff,J.Huff,TB,WR,00-0030990
2017,pre,Josh Magee,J.Magee,ATL,WR,00-0033231
2017,pre,Josh Malone,J.Malone,CIN,WR,00-0033859
2017,pre,Josh McCown,J.McCown,NYJ,QB,00-0021206
2017,pre,Josh Perkins,J.Perkins,ATL,TE,00-0032599
2017,pre,Josh Reynolds,J.Reynolds,LA,WR,00-0033943
2017,pre,Josh Woodrum,J.Woodrum,BAL,QB,00-0032658
2017,pre,Joshua Dobbs,J.Dobbs,PIT,QB,00-0033949
2017,pre,Josiah Price,J.Price,MIN,TE,00-0033332
2017,pre,JuJu Smith-Schuster,J.Smith-Schuster,PIT,WR,00-0033857
2017,pre,Julian Edelman,J.Edelman,NE,WR,00-0027150
2017,pre,Julio Jones,J.Jones,ATL,WR,00-0027944
2017,pre,Julius Thomas,J.Thomas,MIA,TE,00-0028067
2017,pre,Justice Liggins,J.Liggins,IND,WR,00-0034038
2017,pre,Justin Davis,J.Davis,LA,RB,00-0033760
2017,pre,Justin Hunter,J.Hunter,PIT,WR,00-0030521
2017,pre,Juwan Thompson,J.Thompson,DEN,RB,00-0030705
2017,pre,K.J. Maye,K.Maye,NE,WR,00-0032653
2017,pre,Ka'Deem Carey,K.Carey,CHI,RB,00-0031057
2017,pre,Kalif Phillips,K.Phillips,GB,RB,00-0033361
2017,pre,Kamar Aiken,K.Aiken,IND,WR,00-0028497
2017,pre,Kareem Hunt,K.Hunt,KC,RB,00-0033923
2017,pre,Karel Hamilton,K.Hamilton,CIN,WR,00-0033340
2017,pre,Keelan Cole,K.Cole,JAX,WR,00-0033681
2017,pre,Keenan Allen,K.Allen,LAC,WR,00-0030279
2017,pre,Keeon Johnson,K.Johnson,NYG,WR,00-0033714
2017,pre,Keith Wenning,K.Wenning,BUF,QB,00-0030998
2017,pre,Kellen Clemens,K.Clemens,LAC,QB,00-0024264
2017,pre,Kellen Moore,K.Moore,DAL,QB,00-0029234
2017,pre,Kelvin Taylor,K.Taylor,ATL,RB,00-0032440
2017,pre,Kenbrell Thompkins,K.Thompkins,NYJ,WR,00-0030000
2017,pre,Kendall Wright,K.Wright,CHI,WR,00-0029708
2017,pre,Kendrick Bourne,K.Bourne,SF,WR,00-0033307
2017,pre,Kenneth Farrow,K.Farrow,LAC,RB,00-0032902
2017,pre,Kenny Golladay,K.Golladay,DET,WR,00-0033932
2017,pre,Kenny Hilliard,K.Hilliard,WAS,RB,00-0031625
2017,pre,Kenny Lawler,K.Lawler,SEA,WR,00-0032453
2017,pre,Kenny Stills,K.Stills,MIA,WR,00-0030085
2017,pre,Kenyan Drake,K.Drake,MIA,RB,00-0033118
2017,pre,Keon Hatcher,K.Hatcher,OAK,WR,00-0033441
2017,pre,Kermit Whitfield,K.Whitfield,CIN,WR,00-0033641
2017,pre,Kerwynn Williams,K.Williams,ARI,RB,00-0030117
2017,pre,Keshawn Martin,K.Martin,DET,WR,00-0029415
2017,pre,Kevin Hogan,K.Hogan,CLE,QB,00-0032784
2017,pre,Kevin Norwood,K.Norwood,NYG,WR,00-0031327
2017,pre,Kevin White,K.White,CHI,WR,00-0031545
2017,pre,Keyarris Garrett,K.Garrett,CAR,WR,00-0032995
2017,pre,Khalfani Muhammad,K.Muhammad,TEN,RB,00-0033797
2017,pre,Khalid Abdullah,K.Abdullah,NYG,RB,00-0033817
2017,pre,Kirk Cousins,K.Cousins,WAS,QB,00-0029604
2017,pre,Knile Davis,K.Davis,PIT,RB,00-0030280
2017,pre,Kyle Carter,K.Carter,MIN,TE,00-0032606
2017,pre,Lamar Miller,L.Miller,HOU,RB,00-0029615
2017,pre,Lance Kendricks,L.Kendricks,GB,TE,00-0027985
2017,pre,Lance Lenoir,L.Lenoir,DAL,WR,00-0033992
2017,pre,Landry Jones,L.Jones,PIT,QB,00-0030524
2017,pre,Laquon Treadwell,L.Treadwell,MIN,WR,00-0032951
2017,pre,Larry Clark,L.Clark,ARI,WR,00-0033823
2017,pre,Larry Donnell,L.Donnell,BAL,TE,00-0028838
2017,pre,Larry Fitzgerald,L.Fitzgerald,ARI,WR,00-0022921
2017,pre,Larry Pinkard,L.Pinkard,JAX,WR,00-0031834
2017,pre,Latavius Murray,L.Murray,MIN,RB,00-0030513
2017,pre,Lee Smith,L.Smith,OAK,TE,00-0028097
2017,pre,LeGarrette Blount,L.Blount,PHI,RB,00-0027325
2017,pre,Lenard Tillery,L.Tillery,LA,RB,00-0033762
2017,pre,Leonard Fournette,L.Fournette,JAX,RB,00-0033856
2017,pre,Leonte Carroo,L.Carroo,MIA,WR,00-0033060
2017,pre,LeSean McCoy,L.McCoy,BUF,RB,00-0027029
2017,pre,Levine Toilolo,L.Toilolo,ATL,TE,00-0030443
2017,pre,Logan Paulsen,L.Paulsen,SF,TE,00-0027215
2017,pre,Logan Thomas,L.Thomas,BUF,TE,00-0031260
2017,pre,Lorenzo Taliaferro,L.Taliaferro,BAL,RB,00-0031066
2017,pre,Louis Murphy,L.Murphy,SF,WR,00-0027089
2017,pre,Luke McCown,L.McCown,DAL,QB,00-0022864
2017,pre,Mack Hollins,M.Hollins,PHI,WR,00-0033555
2017,pre,Malcolm Brown,M.Brown,LA,RB,00-0031806
2017,pre,Malcolm Lewis,M.Lewis,MIA,WR,00-0033402
2017,pre,Malcolm Mitchell,M.Mitchell,NE,WR,00-0032400
2017,pre,Manasseh Garner,M.Garner,WAS,TE,00-0031996
2017,pre,Marcedes Lewis,M.Lewis,JAX,TE,00-0024243
2017,pre,Marcus Kemp,M.Kemp,KC,WR,00-0033481
2017,pre,Marcus Mariota,M.Mariota,TEN,QB,00-0032268
2017,pre,Marcus Tucker,M.Tucker,PIT,WR,00-0032832
2017,pre,Mark Ingram,M.Ingram,NO,RB,00-0027966
2017,pre,Mark Sanchez,M.Sanchez,CHI,QB,00-0026898
2017,pre,Marlon Brown,M.Brown,DEN,WR,00-0030400
2017,pre,Marlon Mack,M.Mack,IND,RB,00-0033951
2017,pre,MarQueis Gray,M.Gray,MIA,TE,00-0029878
2017,pre,Marquess Wilson,M.Wilson,NYJ,WR,00-0030047
2017,pre,Marquise Goodwin,M.Goodwin,SF,WR,00-0030068
2017,pre,Marshawn Lynch,M.Lynch,OAK,RB,00-0025399
2017,pre,Martavis Bryant,M.Bryant,PIT,WR,00-0031373
2017,pre,Marvin Bracy,M.Bracy,IND,WR,00-0034025
2017,pre,Marvin Hall,M.Hall,ATL,WR,00-0033094
2017,pre,Marvin Jones,M.Jones,DET,WR,00-0029293
2017,pre,Mason Schreck,M.Schreck,CIN,TE,00-0033798
2017,pre,Matt Asiata,M.Asiata,DET,RB,00-0028198
2017,pre,Matt Breida,M.Breida,SF,RB,00-0033308
2017,pre,Matt Cassel,M.Cassel,TEN,QB,00-0023662
2017,pre,Matt Dayes,M.Dayes,CLE,RB,00-0033596
2017,pre,Matt Forte,M.Forte,NYJ,RB,00-0026184
2017,pre,Matt Moore,M.Moore,MIA,QB,00-0025708
2017,pre,Matt Ryan,M.Ryan,ATL,QB,00-0026143
2017,pre,Matt Schaub,M.Schaub,ATL,QB,00-0022787
2017,pre,Matt Simms,M.Simms,ATL,QB,00-0029151
2017,pre,Matt Weiser,M.Weiser,LAC,TE,00-0032914
2017,pre,Matthew Stafford,M.Stafford,DET,QB,00-0026498
2017,pre,Maurice Harris,M.Harris,WAS,WR,00-0032362
2017,pre,Maxx Williams,M.Williams,BAL,TE,00-0031558
2017,pre,Melvin Gordon,M.Gordon,LAC,RB,00-0032144
2017,pre,Michael Campanaro,M.Campanaro,BAL,WR,00-0031025
2017,pre,Michael Clark,M.Clark,GB,WR,00-0033352
2017,pre,Michael Crabtree,M.Crabtree,OAK,WR,00-0026986
2017,pre,Michael Floyd,M.Floyd,MIN,WR,00-0029638
2017,pre,Michael Hoomanawanui,M.Hoomanawanui,NO,TE,00-0027732
2017,pre,Michael Rector,M.Rector,DET,WR,00-0033753
2017,pre,Michael Roberts,M.Roberts,DET,TE,00-0033559
2017,pre,Michael Thomas,M.Thomas,NO,WR,00-0032765
2017,pre,Mike Davis,M.Davis,SEA,RB,00-0032063
2017,pre,Mike Estes,M.Estes,LAC,TE,00-0034024
2017,pre,Mike Evans,M.Evans,TB,WR,00-0031408
2017,pre,Mike Gillislee,M.Gillislee,NE,RB,00-0030433
2017,pre,Mike Glennon,M.Glennon,CHI,QB,00-0030520
2017,pre,Mike Thomas,M.Thomas,LA,WR,00-0033114
2017,pre,Mike Tolbert,M.Tolbert,BUF,FB,00-0026069
2017,pre,Mike Wallace,M.Wallace,BAL,WR,00-0026901
2017,pre,Mitch Leidner,M.Leidner,MIN,QB,00-0034044
2017,pre,Mitch Mathews,M.Mathews,MIA,WR,00-0032817
2017,pre,Mitchell Paige,M.Paige,LAC,WR,00-0033864
2017,pre,Mitchell Trubisky,M.Trubisky,CHI,QB,00-0033869
2017,pre,Mohamed Sanu,M.Sanu,ATL,WR,00-0029632
2017,pre,Moritz Boehringer,M.Boehringer,MIN,WR,00-0032341
2017,pre,Mose Frazier,M.Frazier,CAR,WR,00-0032488
2017,pre,Myles White,M.White,NYJ,WR,00-0030274
2017,pre,Nathan Peterman,N.Peterman,BUF,QB,00-0033958
2017,pre,Nelson Agholor,N.Agholor,PHI,WR,00-0031549
2017,pre,Nick Boyle,N.Boyle,BAL,TE,00-0031598
2017,pre,Nick Mullens,N.Mullens,SF,QB,00-0033319
2017,pre,Nick O'Leary,N.O'Leary,BUF,TE,00-0032117
2017,pre,Nick Truesdell,N.Truesdell,MIN,TE,00-0033149
2017,pre,Nick Vannett,N.Vannett,SEA,TE,00-0032394
2017,pre,Nick Williams,N.Williams,ATL,WR,00-0029848
2017,pre,Niles Paul,N.Paul,WAS,TE,00-0028093
2017,pre,Noah Brown,N.Brown,DAL,WR,00-0033591
2017,pre,Noel Thomas,N.Thomas,DET,WR,00-0033755
2017,pre,O.J. Howard,O.Howard,TB,TE,00-0033879
2017,pre,Odell Beckham,O.Beckham,NYG,WR,00-0031235
2017,pre,Orleans Darkwa,O.Darkwa,NYG,RB,00-0030860
2017,pre,Orson Charles,O.Charles,KC,TE,00-0029414
2017,pre,Patrick Mahomes,P.Mahomes,KC,QB,00-0033873
2017,pre,Paul McRoberts,P.McRoberts,LA,WR,00-0032679
2017,pre,Paul Perkins,P.Perkins,NYG,RB,00-0032417
2017,pre,Paul Richardson,P.Richardson,SEA,WR,00-0031257
2017,pre,Paxton Lynch,P.Lynch,DEN,QB,00-0033108
2017,pre,Peyton Barber,P.Barber,TB,RB,00-0032741
2017,pre,Pharaoh Brown,P.Brown,OAK,TE,00-0033439
2017,pre,Pharoh Cooper,P.Cooper,LA,WR,00-0033111
2017,pre,Phazahn Odom,P.Odom,PIT,TE,00-0033850
2017,pre,Philip Rivers,P.Rivers,LAC,QB,00-0022942
2017,pre,Phillip Walker,P.Walker,IND,QB,00-0033275
2017,pre,Pierre Garcon,P.Garcon,SF,WR,00-0026345
2017,pre,Pig Howard,P.Howard,CHI,WR,00-0034023
2017,pre,Quincy Adeboyejo,Q.Adeboyejo,BAL,WR,00-0033366
2017,pre,Raheem Mostert,R.Mostert,SF,RB,00-0031687
2017,pre,Randall Cobb,R.Cobb,GB,WR,00-0028002
2017,pre,Randall Telfer,R.Telfer,CLE,TE,00-0031533
2017,pre,Rashad Greene,R.Greene,JAX,WR,00-0032170
2017,pre,Rashad Lawrence,R.Lawrence,MIA,WR,00-0031009
2017,pre,Rashad Lawrence,R.Lawrence,NO,WR,00-0031009
2017,pre,Rashard Davis,R.Davis,PHI,WR,00-0034034
2017,pre,Rashard Higgins,R.Higgins,CLE,WR,00-0032977
2017,pre,RaShaun Allen,R.Allen,HOU,TE,00-0031213
2017,pre,Reginald Davis,R.Davis,ATL,WR,00-0033223
2017,pre,Rex Burkhead,R.Burkhead,NE,RB,00-0030288
2017,pre,Rhett Ellison,R.Ellison,NYG,TE,00-0029587
2017,pre,Ricardo Louis,R.Louis,CLE,WR,00-0033079
2017,pre,Richard Mullaney,R.Mullaney,CLE,WR,00-0032732
2017,pre,Richard Rodgers,R.Rodgers,GB,TE,00-0031384
2017,pre,Ricky Ortiz,R.Ortiz,BAL,RB,00-0033374
2017,pre,Ricky Seals-Jones,R.Seals-Jones,ARI,TE,00-0033611
2017,pre,Rico Gathers,R.Gathers,DAL,TE,00-0033054
2017,pre,Rishard Matthews,R.Matthews,TEN,WR,00-0029580
2017,pre,Rob Gronkowski,R.Gronkowski,NE,TE,00-0027656
2017,pre,Rob Kelley,R.Kelley,WAS,RB,00-0032371
2017,pre,Robby Anderson,R.Anderson,NYJ,WR,00-0032688
2017,pre,Robert Davis,R.Davis,WAS,WR,00-0033530
2017,pre,Robert Turbin,R.Turbin,IND,RB,00-0029273
2017,pre,Robert Wheelwright,R.Wheelwright,KC,WR,00-0033722
2017,pre,Robert Woods,R.Woods,LA,WR,00-0030431
2017,pre,Rod Smith,R.Smith,DAL,RB,00-0031900
2017,pre,Rod Streater,R.Streater,BUF,WR,00-0029129
2017,pre,Rodney Adams,R.Adams,MIN,WR,00-0033957
2017,pre,Rodney Smith,R.Smith,SEA,WR,00-0029934
2017,pre,Roger Lewis,R.Lewis,NYG,WR,00-0032659
2017,pre,Romar Morris,R.Morris,NYJ,RB,00-0033062
2017,pre,Ronnie Hillman,R.Hillman,DAL,RB,00-0029683
2017,pre,Roosevelt Nix,R.Nix,PIT,FB,00-0030741
2017,pre,Rory Anderson,R.Anderson,BUF,TE,00-0032072
2017,pre,Rueben Randle,R.Randle,CHI,WR,00-0029262
2017,pre,Russell Shepard,R.Shepard,CAR,WR,00-0030147
2017,pre,Russell Wilson,R.Wilson,SEA,QB,00-0029263
2017,pre,Ryan Fitzpatrick,R.Fitzpatrick,TB,QB,00-0023682
2017,pre,Ryan Grant,R.Grant,WAS,WR,00-0031068
2017,pre,Ryan Griffin,R.Griffin,HOU,TE,00-0030108
2017,pre,Ryan Griffin,R.Griffin,TB,QB,00-0029857
2017,pre,Ryan Mallett,R.Mallett,BAL,QB,00-0028012
2017,pre,Sam Bradford,S.Bradford,MIN,QB,00-0027854
2017,pre,Sam Cotton,S.Cotton,NE,TE,00-0033979
2017,pre,Samaje Perine,S.Perine,WAS,RB,00-0033526
2017,pre,Scott Simonson,S.Simonson,CAR,TE,00-0031167
2017,pre,Scott Tolzien,S.Tolzien,IND,QB,00-0028595
2017,pre,Sean Culkin,S.Culkin,LAC,TE,00-0033696
2017,pre,Sean Mannion,S.Mannion,LA,QB,00-0032245
2017,pre,Seantavius Jones,S.Jones,KC,WR,00-0030807
2017,pre,Sefo Liufau,S.Liufau,TB,QB,00-0033429
2017,pre,Senorise Perry,S.Perry,MIA,RB,00-0031209
2017,pre,Seth DeValve,S.DeValve,CLE,TE,00-0033080
2017,pre,Seth Roberts,S.Roberts,OAK,WR,00-0031166
2017,pre,Shane Smith,S.Smith,NYG,TE,00-0033719
2017,pre,Shane Vereen,S.Vereen,NYG,RB,00-0027994
2017,pre,Shane Wynn,S.Wynn,JAX,WR,00-0031684
2017,pre,Shaun Draughn,S.Draughn,NYG,RB,00-0028202
2017,pre,Shelton Gibson,S.Gibson,PHI,WR,00-0033573
2017,pre,Spencer Ware,S.Ware,KC,RB,00-0030414
2017,pre,Stacy Coley,S.Coley,MIN,WR,00-0033968
2017,pre,Stanley Williams,S.Williams,CIN,RB,00-0033349
2017,pre,Stanley Williams,S.Williams,DEN,RB,00-0033349
2017,pre,Stefon Diggs,S.Diggs,MIN,WR,00-0031588
2017,pre,Stephen Anderson,S.Anderson,HOU,TE,00-0032725
2017,pre,Stephen Morris,S.Morris,IND,QB,00-0030825
2017,pre,Sterling Shepard,S.Shepard,NYG,WR,00-0032385
2017,pre,Steve Donatell,S.Donatell,SEA,TE,00-0033990
2017,pre,Steven Scheu,S.Scheu,DEN,TE,00-0032582
2017,pre,Steven Wroblewski,S.Wroblewski,IND,TE,00-0033615
2017,pre,Storm Johnson,S.Johnson,MIA,RB,00-0031243
2017,pre,T.J. Jones,T.Jones,DET,WR,00-0031189
2017,pre,T.J. Logan,T.Logan,ARI,RB,00-0033789
2017,pre,T.J. Yeldon,T.Yeldon,JAX,RB,00-0032209
2017,pre,T.Y. Hilton,T.Hilton,IND,WR,00-0029608
2017,pre,Taiwan Jones,T.Jones,BUF,RB,00-0028063
2017,pre,Tajae Sharpe,T.Sharpe,TEN,WR,00-0032778
2017,pre,Tanner McEvoy,T.McEvoy,SEA,WR,00-0032475
2017,pre,Tarik Cohen,T.Cohen,CHI,RB,00-0033556
2017,pre,Tavarres King,T.King,NYG,WR,00-0030091
2017,pre,Taylor Gabriel,T.Gabriel,ATL,WR,00-0031228
2017,pre,Taywan Taylor,T.Taylor,TEN,WR,00-0033911
2017,pre,Ted Ginn,T.Ginn,NO,WR,00-0025396
2017,pre,Temarrick Hemingway,T.Hemingway,LA,TE,00-0033112
2017,pre,Terrance West,T.West,BAL,RB,00-0031375
2017,pre,Terrance Williams,T.Williams,DAL,WR,00-0030542
2017,pre,Terrell Newby,T.Newby,MIN,RB,00-0033331
2017,pre,Terrell Watson,T.Watson,PIT,RB,00-0031793
2017,pre,Terrelle Pryor,T.Pryor,WAS,WR,00-0028825
2017,pre,Terron Ward,T.Ward,ATL,RB,00-0031682
2017,pre,Tevin Coleman,T.Coleman,ATL,RB,00-0032058
2017,pre,Tevin Jones,T.Jones,KC,WR,00-0032728
2017,pre,Tevin Westbrook,T.Westbrook,TB,TE,00-0032185
2017,pre,Thad Lewis,T.Lewis,BAL,QB,00-0027253
2017,pre,Theo Riddick,T.Riddick,DET,RB,00-0030107
2017,pre,Thomas Duarte,T.Duarte,MIA,TE,00-0033061
2017,pre,Thomas Rawls,T.Rawls,SEA,RB,00-0031897
2017,pre,Tim Cook,T.Cook,JAX,RB,00-0033683
2017,pre,Tim Hightower,T.Hightower,SF,RB,00-0026289
2017,pre,Tim Semisch,T.Semisch,TEN,TE,00-0032006
2017,pre,Tim White,T.White,BAL,WR,00-0033379
2017,pre,Timothy Wright,T.Wright,DET,TE,00-0029910
2017,pre,Tion Green,T.Green,DET,RB,00-0033748
2017,pre,Titus Davis,T.Davis,CHI,WR,00-0032080
2017,pre,Todd Gurley,T.Gurley,LA,RB,00-0032241
2017,pre,Tom Brady,T.Brady,NE,QB,00-0019596
2017,pre,Tom Savage,T.Savage,HOU,QB,00-0031064
2017,pre,Tommylee Lewis,T.Lewis,NO,WR,00-0032881
2017,pre,Tony Stevens,T.Stevens,KC,WR,00-0033487
2017,pre,Tony Washington,T.Washington,NE,WR,00-0030856
2017,pre,Torrey Smith,T.Smith,PHI,WR,00-0027996
2017,pre,Tra Carson,T.Carson,CIN,RB,00-0032540
2017,pre,Travin Dural,T.Dural,NO,WR,00-0033517
2017,pre,Travis Benjamin,T.Benjamin,LAC,WR,00-0029269
2017,pre,Travis Kelce,T.Kelce,KC,TE,00-0030506
2017,pre,Travis Rudolph,T.Rudolph,NYG,WR,00-0033717
2017,pre,Travis Wilson,T.Wilson,LA,TE,00-0033208
2017,pre,Trent Taylor,T.Taylor,SF,WR,00-0033292
2017,pre,Trevone Boykin,T.Boykin,SEA,QB,00-0032462
2017,pre,Trevor Davis,T.Davis,GB,WR,00-0032423
2017,pre,Trevor Graham,T.Graham,CAR,WR,00-0029660
2017,pre,Trevor Siemian,T.Siemian,DEN,QB,00-0032156
2017,pre,Trey Burton,T.Burton,PHI,TE,00-0030710
2017,pre,Trey Edmunds,T.Edmunds,NO,RB,00-0033838
2017,pre,Troy Niklas,T.Niklas,ARI,TE,00-0031044
2017,pre,Ty Montgomery,T.Montgomery,GB,RB,00-0032200
2017,pre,Tyler Boyd,T.Boyd,CIN,WR,00-0033009
2017,pre,Tyler Bray,T.Bray,KC,QB,00-0030151
2017,pre,Tyler Eifert,T.Eifert,CIN,TE,00-0030549
2017,pre,Tyler Ervin,T.Ervin,HOU,RB,00-0032404
2017,pre,Tyler Ferguson,T.Ferguson,TEN,QB,00-0033799
2017,pre,Tyler Higbee,T.Higbee,LA,TE,00-0033110
2017,pre,Tyler Kroft,T.Kroft,CIN,TE,00-0032214
2017,pre,Tyler Renew,T.Renew,ATL,RB,00-0033235
2017,pre,Tyreek Hill,T.Hill,KC,WR,00-0033040
2017,pre,Tyrell Williams,T.Williams,LAC,WR,00-0032160
2017,pre,Tyrod Taylor,T.Taylor,BUF,QB,00-0028118
2017,pre,Tyrone Swoopes,T.Swoopes,SEA,TE,00-0033742
2017,pre,Uzoma Nwachukwu,U.Nwachukwu,DAL,WR,00-0030240
2017,pre,Valdez Showers,V.Showers,IND,WR,00-0032372
2017,pre,Vernon Davis,V.Davis,WAS,TE,00-0024221
2017,pre,Victor Bolden,V.Bolden,SF,WR,00-0033306
2017,pre,Victor Cruz,V.Cruz,CHI,WR,00-0027265
2017,pre,Vince Mayle,V.Mayle,BAL,WR,00-0032188
2017,pre,Virgil Green,V.Green,DEN,TE,00-0028142
2017,pre,Wayne Gallman,W.Gallman,NYG,RB,00-0033950
2017,pre,Wendall Williams,W.Williams,HOU,WR,00-0032739
2017,pre,Wendell Smallwood,W.Smallwood,PHI,RB,00-0032782
2017,pre,Wes Saxton,W.Saxton,BUF,TE,00-0031864
2017,pre,William Stanback,W.Stanback,GB,RB,00-0033508
2017,pre,Willie Snead,W.Snead,NO,WR,00-0030663
2017,pre,Xavier Grimble,X.Grimble,PIT,TE,00-0031035
2017,pre,Zach Ertz,Z.Ertz,PHI,TE,00-0030061
2017,pre,Zach Line,Z.Line,NO,RB,00-0029931
2017,pre,Zach Miller,Z.Miller,CHI,TE,00-0027125
2017,pre,Zach Zenner,Z.Zenner,DET,RB,00-0031665
2017,pre,Zay Jones,Z.Jones,BUF,WR,00-0033891
