season,season_type,full_player_name,abbr_player_name,team,position,gsis_id
2011,pre,A.J. Feeley,A.Feeley,STL,QB,00-0020305
2011,pre,A.J. Green,A.Green,CIN,WR,00-0027942
2011,pre,Aaron Brown,A.Brown,DET,RB,00-0027129
2011,pre,Aaron Hernandez,A.Hernandez,NE,TE,00-0027713
2011,pre,Aaron Nichols,A.Nichols,ARI,WR,00-0028735
2011,pre,Aaron Rodgers,A.Rodgers,GB,QB,00-0023459
2011,pre,Adam Froman,A.Froman,ATL,QB,00-0028310
2011,pre,Adam Weber,A.Weber,DEN,QB,00-0028230
2011,pre,Adrian Arrington,A.Arrington,NO,WR,00-0026377
2011,pre,Adrian Peterson,A.Peterson,MIN,RB,00-0025394
2011,pre,Ahmad Bradshaw,A.Bradshaw,NYG,RB,00-0025637
2011,pre,Aldrick Robinson,A.Robinson,WAS,WR,00-0028116
2011,pre,Alex Green,A.Green,GB,RB,00-0028034
2011,pre,Alex Smith,A.Smith,CLE,TE,00-0023506
2011,pre,Alex Smith,A.Smith,SF,QB,00-0023436
2011,pre,Alexander Robinson,A.Robinson,MIN,RB,00-0028515
2011,pre,Alfonso Smith,A.Smith,ARI,RB,00-0027346
2011,pre,Allen Reisner,A.Reisner,MIN,TE,00-0028267
2011,pre,Andre Brown,A.Brown,NYG,RB,00-0027094
2011,pre,Andre Caldwell,A.Caldwell,CIN,WR,00-0026237
2011,pre,Andre Johnson,A.Johnson,HOU,WR,00-0022044
2011,pre,Andre Roberts,A.Roberts,ARI,WR,00-0027691
2011,pre,Andre Smith,A.Smith,CHI,TE,00-0028353
2011,pre,Andrew Hawkins,A.Hawkins,CIN,WR,00-0027918
2011,pre,Andrew Quarless,A.Quarless,GB,TE,00-0027753
2011,pre,Andy Dalton,A.Dalton,CIN,QB,00-0027973
2011,pre,Andy Fantuz,A.Fantuz,CHI,WR,00-0027916
2011,pre,Andy Strickland,A.Strickland,ATL,WR,00-0026977
2011,pre,Andy Tanner,A.Tanner,NO,WR,00-0027616
2011,pre,Anquan Boldin,A.Boldin,BAL,WR,00-0022084
2011,pre,Anthony Allen,A.Allen,BAL,RB,00-0028163
2011,pre,Anthony Armstrong,A.Armstrong,WAS,WR,00-0026465
2011,pre,Anthony Becht,A.Becht,KC,TE,00-0019457
2011,pre,Anthony Dixon,A.Dixon,SF,RB,00-0027772
2011,pre,Anthony Elzy,A.Elzy,BUF,RB,00-0028809
2011,pre,Anthony Fasano,A.Fasano,MIA,TE,00-0024268
2011,pre,Anthony Gonzalez,A.Gonzalez,IND,WR,00-0025419
2011,pre,Anthony McCoy,A.McCoy,SEA,TE,00-0027783
2011,pre,Antone Smith,A.Smith,ATL,RB,00-0026855
2011,pre,Antonio Brown,A.Brown,PIT,WR,00-0027793
2011,pre,Antonio Gates,A.Gates,SD,TE,00-0021547
2011,pre,Antonio Robinson,A.Robinson,GB,WR,00-0027368
2011,pre,Arian Foster,A.Foster,HOU,RB,00-0026796
2011,pre,Armand Robinson,A.Robinson,PIT,WR,00-0028200
2011,pre,Armanti Edwards,A.Edwards,CAR,WR,00-0027692
2011,pre,Armond Smith,A.Smith,CLE,RB,00-0028706
2011,pre,Arnaz Battle,A.Battle,PIT,WR,00-0022064
2011,pre,Arrelious Benn,A.Benn,TB,WR,00-0027654
2011,pre,Aundrae Allison,A.Allison,TB,WR,00-0025533
2011,pre,Austin Collie,A.Collie,IND,WR,00-0027092
2011,pre,Austin Pettis,A.Pettis,STL,WR,00-0028016
2011,pre,Bart Johnson,B.Johnson,CIN,WR,00-0028557
2011,pre,Beanie Wells,B.Wells,ARI,RB,00-0027007
2011,pre,Bear Pascoe,B.Pascoe,NYG,TE,00-0026931
2011,pre,Ben Guidugli,B.Guidugli,STL,TE,00-0028389
2011,pre,Ben Hartsock,B.Hartsock,CAR,TE,00-0022847
2011,pre,Ben Obomanu,B.Obomanu,SEA,WR,00-0024463
2011,pre,Ben Roethlisberger,B.Roethlisberger,PIT,QB,00-0022924
2011,pre,Ben Tate,B.Tate,HOU,RB,00-0027890
2011,pre,Benjamin Watson,B.Watson,CLE,TE,00-0022943
2011,pre,BenJarvus Green-Ellis,B.Green-Ellis,NE,RB,00-0025860
2011,pre,Bernard Berrian,B.Berrian,MIN,WR,00-0022807
2011,pre,Bernard Scott,B.Scott,CIN,RB,00-0026941
2011,pre,Bilal Powell,B.Powell,NYJ,RB,00-0028064
2011,pre,Billy Bajema,B.Bajema,STL,TE,00-0023679
2011,pre,Billy Volek,B.Volek,SD,QB,00-0019041
2011,pre,Blaine Gabbert,B.Gabbert,JAC,QB,00-0027948
2011,pre,Bo Scaife,B.Scaife,CIN,TE,00-0023612
2011,pre,Brad Smith,B.Smith,BUF,WR,00-0024318
2011,pre,Brad Taylor,B.Taylor,SD,TE,00-0028592
2011,pre,Brady Quinn,B.Quinn,DEN,QB,00-0025409
2011,pre,Brandon Gibson,B.Gibson,STL,WR,00-0026937
2011,pre,Brandon Jackson,B.Jackson,CLE,RB,00-0025450
2011,pre,Brandon Jacobs,B.Jacobs,NYG,RB,00-0023545
2011,pre,Brandon Jones,B.Jones,BAL,WR,00-0023531
2011,pre,Brandon LaFell,B.LaFell,CAR,WR,00-0027681
2011,pre,Brandon Marshall,B.Marshall,MIA,WR,00-0024334
2011,pre,Brandon Minor,B.Minor,DEN,RB,00-0027367
2011,pre,Brandon Myers,B.Myers,OAK,TE,00-0027135
2011,pre,Brandon Pettigrew,B.Pettigrew,DET,TE,00-0026996
2011,pre,Brandon Saine,B.Saine,GB,RB,00-0028602
2011,pre,Braylon Edwards,B.Edwards,SF,WR,00-0023438
2011,pre,Brent Celek,B.Celek,PHI,TE,00-0025549
2011,pre,Brian Hartline,B.Hartline,MIA,WR,00-0027077
2011,pre,Brian Hoyer,B.Hoyer,NE,QB,00-0026625
2011,pre,Brian Leonard,B.Leonard,CIN,RB,00-0025439
2011,pre,Brit Miller,B.Miller,STL,FB,00-0026712
2011,pre,Brock Bolen,B.Bolen,JAC,RB,00-0026607
2011,pre,Brodie Croyle,B.Croyle,ARI,QB,00-0024300
2011,pre,Bruce Gradkowski,B.Gradkowski,CIN,QB,00-0024408
2011,pre,Bruce Hall,B.Hall,BUF,RB,00-0025917
2011,pre,Bryan Walters,B.Walters,SD,WR,00-0027595
2011,pre,Bryant Johnson,B.Johnson,HOU,WR,00-0022156
2011,pre,Buddy Farnham,B.Farnham,NE,WR,00-0027525
2011,pre,Byron Leftwich,B.Leftwich,PIT,QB,00-0022177
2011,pre,C.J. Spiller,C.Spiller,BUF,RB,00-0027861
2011,pre,Cadillac Williams,C.Williams,STL,RB,00-0023440
2011,pre,Caleb Hanie,C.Hanie,CHI,QB,00-0025970
2011,pre,Caleb King,C.King,MIN,RB,00-0028822
2011,pre,Calvin Johnson,C.Johnson,DET,WR,00-0025389
2011,pre,Calvin Russell,C.Russell,CIN,WR,00-0023973
2011,pre,Cam Newton,C.Newton,CAR,QB,00-0027939
2011,pre,Cameron Graham,C.Graham,TEN,TE,00-0028469
2011,pre,Cameron Kenney,C.Kenney,SD,WR,00-0028375
2011,pre,Carson Butler,C.Butler,NE,TE,00-0026783
2011,pre,Cecil Shorts,C.Shorts,JAC,WR,00-0028052
2011,pre,Cedric Benson,C.Benson,CIN,RB,00-0023439
2011,pre,Cedric Peerman,C.Peerman,CIN,RB,00-0026932
2011,pre,Chad Hall,C.Hall,PHI,WR,00-0027188
2011,pre,Chad Henne,C.Henne,MIA,QB,00-0026197
2011,pre,Chad Jackson,C.Jackson,OAK,WR,00-0024251
2011,pre,Chad Johnson,C.Johnson,NE,WR,00-0020397
2011,pre,Chandler Williams,C.Williams,KC,WR,00-0025620
2011,pre,Chansi Stuckey,C.Stuckey,ARI,WR,00-0025622
2011,pre,Charles Scott,C.Scott,NYG,RB,00-0027797
2011,pre,Charlie Batch,C.Batch,PIT,QB,00-0000865
2011,pre,Charlie Gantt,C.Gantt,KC,TE,00-0028313
2011,pre,Charlie Whitehurst,C.Whitehurst,SEA,QB,00-0024296
2011,pre,Chase Coffman,C.Coffman,CIN,TE,00-0027069
2011,pre,Chase Daniel,C.Daniel,NO,QB,00-0026544
2011,pre,Chaz Schilens,C.Schilens,OAK,WR,00-0026366
2011,pre,Chris Brooks,C.Brooks,IND,WR,00-0027524
2011,pre,Chris Carter,C.Carter,SEA,WR,00-0027932
2011,pre,Chris Jennings,C.Jennings,NYJ,RB,00-0027167
2011,pre,Chris Matthews,C.Matthews,CLE,WR,00-0028702
2011,pre,Chris Redman,C.Redman,ATL,QB,00-0019709
2011,pre,Chris Taylor,C.Taylor,NO,RB,00-0023844
2011,pre,Christian Ponder,C.Ponder,MIN,QB,00-0027950
2011,pre,Clay Harbor,C.Harbor,PHI,TE,00-0027725
2011,pre,Clyde Gates,C.Gates,MIA,WR,00-0028049
2011,pre,Cody Slate,C.Slate,KC,TE,00-0027848
2011,pre,Colin Cochart,C.Cochart,CIN,TE,00-0028550
2011,pre,Colin Kaepernick,C.Kaepernick,SF,QB,00-0027974
2011,pre,Collin Franklin,C.Franklin,TB,TE,00-0028295
2011,pre,Colt McCoy,C.McCoy,CLE,QB,00-0027688
2011,pre,Courtney Roby,C.Roby,NO,WR,00-0023503
2011,pre,Craig Davis,C.Davis,BUF,WR,00-0025417
2011,pre,Craig Stevens,C.Stevens,TEN,TE,00-0026225
2011,pre,Curtis Brinkley,C.Brinkley,SD,RB,00-0026745
2011,pre,Curtis Clay,C.Clay,DAL,WR,00-0028817
2011,pre,Curtis Painter,C.Painter,IND,QB,00-0027134
2011,pre,D.J. Ware,D.Ware,NYG,RB,00-0024559
2011,pre,D.J. Williams,D.Williams,GB,TE,00-0028079
2011,pre,D'Andre Goodwin,D.Goodwin,DEN,WR,00-0028221
2011,pre,Da'Rel Scott,D.Scott,NYG,RB,00-0028159
2011,pre,Daiveun Curry-Chapman,D.Curry-Chapman,ARI,WR,00-0028716
2011,pre,Dallas Clark,D.Clark,IND,TE,00-0022165
2011,pre,Damian Williams,D.Williams,TEN,WR,00-0027893
2011,pre,Damien Berry,D.Berry,BAL,RB,00-0028275
2011,pre,Dan Orlovsky,D.Orlovsky,IND,QB,00-0023578
2011,pre,Danario Alexander,D.Alexander,STL,WR,00-0027912
2011,pre,Dane Sanzenbacher,D.Sanzenbacher,CHI,WR,00-0028352
2011,pre,Daniel Coats,D.Coats,NYG,TE,00-0024607
2011,pre,Daniel Fells,D.Fells,DEN,TE,00-0023752
2011,pre,Daniel Graham,D.Graham,TEN,TE,00-0021154
2011,pre,Daniel Thomas,D.Thomas,MIA,RB,00-0028000
2011,pre,Danny Amendola,D.Amendola,STL,WR,00-0026035
2011,pre,Danny Woodhead,D.Woodhead,NE,RB,00-0026019
2011,pre,Darius Reynaud,D.Reynaud,NYG,WR,00-0025951
2011,pre,Darnell Jenkins,D.Jenkins,NE,WR,00-0026414
2011,pre,Darren Evans,D.Evans,IND,RB,00-0028645
2011,pre,Darren Sproles,D.Sproles,NO,RB,00-0023564
2011,pre,Darrius Heyward-Bey,D.Heyward-Bey,OAK,WR,00-0026983
2011,pre,Darvin Adams,D.Adams,CAR,WR,00-0028746
2011,pre,David Ausberry,D.Ausberry,OAK,TE,00-0028179
2011,pre,David Carr,D.Carr,NYG,QB,00-0020608
2011,pre,David Clowney,D.Clowney,CAR,WR,00-0025544
2011,pre,David Garrard,D.Garrard,JAC,QB,00-0021231
2011,pre,David Johnson,D.Johnson,PIT,TE,00-0026957
2011,pre,David Martin,D.Martin,BUF,TE,00-0020332
2011,pre,David Nelson,D.Nelson,BUF,WR,00-0027322
2011,pre,David Reed,D.Reed,BAL,WR,00-0027755
2011,pre,Davon Drew,D.Drew,BAL,TE,00-0026915
2011,pre,Davone Bess,D.Bess,MIA,WR,00-0026000
2011,pre,DeAngelo Williams,D.Williams,CAR,RB,00-0024242
2011,pre,Deion Branch,D.Branch,NE,WR,00-0021192
2011,pre,Deji Karim,D.Karim,JAC,RB,00-0027779
2011,pre,Delanie Walker,D.Walker,SF,TE,00-0024389
2011,pre,Delone Carter,D.Carter,IND,RB,00-0028057
2011,pre,DeMarco Murray,D.Murray,DAL,RB,00-0028009
2011,pre,DeMarco Sampson,D.Sampson,ARI,WR,00-0028187
2011,pre,Demario Ballard,D.Ballard,DET,WR,00-0028673
2011,pre,Demetrius Williams,D.Williams,CLE,WR,00-0024326
2011,pre,Denarius Moore,D.Moore,OAK,WR,00-0028086
2011,pre,Dennis Dixon,D.Dixon,PIT,QB,00-0026296
2011,pre,Dennis Pitta,D.Pitta,BAL,TE,00-0027714
2011,pre,Derek Anderson,D.Anderson,CAR,QB,00-0023645
2011,pre,Derek Schouman,D.Schouman,WAS,TE,00-0025609
2011,pre,Derrick Locke,D.Locke,PHI,RB,00-0028632
2011,pre,Derrick Townsel,D.Townsel,HOU,WR,00-0027897
2011,pre,Derrick Ward,D.Ward,HOU,RB,00-0022770
2011,pre,Derrick Williams,D.Williams,DET,WR,00-0027056
2011,pre,DeSean Jackson,D.Jackson,PHI,WR,00-0026189
2011,pre,Desmond Clark,D.Clark,CHI,TE,00-0003035
2011,pre,Detron Lewis,D.Lewis,TB,WR,00-0028306
2011,pre,Devard Darling,D.Darling,HOU,WR,00-0022739
2011,pre,Devery Henderson,D.Henderson,NO,WR,00-0022929
2011,pre,Devin Aromashodu,D.Aromashodu,MIN,WR,00-0024447
2011,pre,Devin Hester,D.Hester,CHI,WR,00-0024272
2011,pre,Devin Thomas,D.Thomas,NYG,WR,00-0026174
2011,pre,Dexter McCluster,D.McCluster,KC,RB,00-0027651
2011,pre,Dez Bryant,D.Bryant,DAL,WR,00-0027902
2011,pre,Dezmon Briscoe,D.Briscoe,TB,WR,00-0027789
2011,pre,Dimitri Nance,D.Nance,GB,RB,00-0027201
2011,pre,Dion Lewis,D.Lewis,PHI,RB,00-0028087
2011,pre,Diondre Borel,D.Borel,GB,WR,00-0028588
2011,pre,Domenik Hixon,D.Hixon,NYG,WR,00-0024345
2011,pre,Dominique Barnes,D.Barnes,DET,WR,00-0028619
2011,pre,Dominique Zeigler,D.Zeigler,SF,WR,00-0024687
2011,pre,Donald Brown,D.Brown,IND,RB,00-0027003
2011,pre,Donald Driver,D.Driver,GB,WR,00-0004541
2011,pre,Donald Jones,D.Jones,BUF,WR,00-0027518
2011,pre,Donovan McNabb,D.McNabb,MIN,QB,00-0011022
2011,pre,Donte' Stallworth,D.Stallworth,WAS,WR,00-0021147
2011,pre,Dontrelle Inman,D.Inman,JAC,WR,00-0028411
2011,pre,Dorson Boyce,D.Boyce,SEA,FB,00-0028435
2011,pre,Doug Baldwin,D.Baldwin,SEA,WR,00-0028434
2011,pre,Doug Beaumont,D.Beaumont,ATL,WR,00-0028301
2011,pre,Drew Brees,D.Brees,NO,QB,00-0020531
2011,pre,Drew Davis,D.Davis,ATL,WR,00-0028307
2011,pre,Drew Stanton,D.Stanton,DET,QB,00-0025430
2011,pre,DuJuan Harris,D.Harris,JAC,RB,00-0028409
2011,pre,Dustin Keller,D.Keller,NYJ,TE,00-0026170
2011,pre,Dwayne Bowe,D.Bowe,KC,WR,00-0025410
2011,pre,Dwayne Harris,D.Harris,DAL,WR,00-0028114
2011,pre,Earl Bennett,E.Bennett,CHI,WR,00-0026210
2011,pre,Early Doucet,E.Doucet,ARI,WR,00-0026221
2011,pre,Earnest Graham,E.Graham,TB,RB,00-0021755
2011,pre,Ed Dickson,E.Dickson,BAL,TE,00-0027675
2011,pre,Ed Gant,E.Gant,TB,WR,00-0026896
2011,pre,Eddie McGee,E.McGee,OAK,WR,00-0028766
2011,pre,Eddie Royal,E.Royal,DEN,WR,00-0026182
2011,pre,Eddie Wide,E.Wide,STL,RB,00-0028399
2011,pre,Eli Manning,E.Manning,NYG,QB,00-0022803
2011,pre,Emmanuel Arceneaux,E.Arceneaux,MIN,WR,00-0027920
2011,pre,Emmanuel Sanders,E.Sanders,PIT,WR,00-0027685
2011,pre,Eric Decker,E.Decker,DEN,WR,00-0027690
2011,pre,Eric Greenwood,E.Greenwood,PIT,WR,00-0028271
2011,pre,Eric Weems,E.Weems,ATL,WR,00-0024535
2011,pre,Evan Moore,E.Moore,CLE,TE,00-0026123
2011,pre,Evan Royster,E.Royster,WAS,RB,00-0028115
2011,pre,Felix Jones,F.Jones,DAL,RB,00-0026162
2011,pre,Felton Huggins,F.Huggins,BUF,WR,00-0024132
2011,pre,Frank Gore,F.Gore,SF,RB,00-0023500
2011,pre,Frank Summers,F.Summers,SD,RB,00-0026926
2011,pre,Fred Davis,F.Davis,WAS,TE,00-0026188
2011,pre,Fred Jackson,F.Jackson,BUF,RB,00-0024204
2011,pre,Garrett Graham,G.Graham,HOU,TE,00-0027718
2011,pre,Gartrell Johnson,G.Johnson,ATL,RB,00-0027098
2011,pre,Gary Barnidge,G.Barnidge,CAR,TE,00-0026281
2011,pre,Gerald Jones,G.Jones,PHI,WR,00-0028615
2011,pre,Golden Tate,G.Tate,SEA,WR,00-0027891
2011,pre,Graham Harrell,G.Harrell,GB,QB,00-0027602
2011,pre,Graig Cooper,G.Cooper,PHI,RB,00-0028425
2011,pre,Greg Camarillo,G.Camarillo,MIN,WR,00-0023408
2011,pre,Greg Ellingson,G.Ellingson,JAC,WR,00-0028404
2011,pre,Greg Jennings,G.Jennings,GB,WR,00-0024267
2011,pre,Greg Jones,G.Jones,JAC,FB,00-0022897
2011,pre,Greg Little,G.Little,CLE,WR,00-0027997
2011,pre,Greg McElroy,G.McElroy,NYJ,QB,00-0028146
2011,pre,Greg Olsen,G.Olsen,CAR,TE,00-0025418
2011,pre,Greg Orton,G.Orton,DEN,WR,00-0026722
2011,pre,Greg Salas,G.Salas,STL,WR,00-0028050
2011,pre,Hakeem Nicks,H.Nicks,NYG,WR,00-0027005
2011,pre,Harry Douglas,H.Douglas,ATL,WR,00-0026224
2011,pre,Harvey Unga,H.Unga,CHI,RB,00-0027851
2011,pre,Heath Miller,H.Miller,PIT,TE,00-0023465
2011,pre,Herb Donaldson,H.Donaldson,TEN,RB,00-0026849
2011,pre,Hines Ward,H.Ward,PIT,WR,00-0017162
2011,pre,Hunter Cantwell,H.Cantwell,BAL,QB,00-0026702
2011,pre,Isaac Odim,I.Odim,SD,RB,00-0028585
2011,pre,Isaac Redman,I.Redman,PIT,RB,00-0026566
2011,pre,J.J. Finley,J.Finley,DET,TE,00-0025981
2011,pre,Jabar Gaffney,J.Gaffney,WAS,WR,00-0021163
2011,pre,Jackie Battle,J.Battle,KC,RB,00-0025701
2011,pre,Jacob Hester,J.Hester,SD,FB,00-0026209
2011,pre,Jacob Tamme,J.Tamme,IND,TE,00-0026267
2011,pre,Jacoby Ford,J.Ford,OAK,WR,00-0027709
2011,pre,Jacoby Jones,J.Jones,HOU,WR,00-0025460
2011,pre,Jacquizz Rodgers,J.Rodgers,ATL,RB,00-0028083
2011,pre,Jahvid Best,J.Best,DET,RB,00-0027880
2011,pre,Jake Ballard,J.Ballard,NYG,TE,00-0027259
2011,pre,Jake Locker,J.Locker,TEN,QB,00-0027946
2011,pre,Jake O'Connell,J.O'Connell,KC,TE,00-0027154
2011,pre,Jalen Parmele,J.Parmele,BAL,RB,00-0026316
2011,pre,Jamaal Charles,J.Charles,KC,RB,00-0026213
2011,pre,James Casey,J.Casey,HOU,TE,00-0027109
2011,pre,James Cleveland,J.Cleveland,DAL,WR,00-0028788
2011,pre,James Hardy,J.Hardy,BAL,WR,00-0026181
2011,pre,James Johnson,J.Johnson,PIT,RB,00-0025913
2011,pre,James Jones,J.Jones,GB,WR,00-0025465
2011,pre,James Kirkendoll,J.Kirkendoll,TEN,WR,00-0028475
2011,pre,James Starks,J.Starks,GB,RB,00-0027791
2011,pre,Jamie Harper,J.Harper,TEN,RB,00-0028068
2011,pre,Jamie McCoy,J.McCoy,PIT,TE,00-0027306
2011,pre,Jamorris Warren,J.Warren,CAR,WR,00-0028748
2011,pre,Jared Cook,J.Cook,TEN,TE,00-0027061
2011,pre,Jarett Dillard,J.Dillard,JAC,WR,00-0027105
2011,pre,Jason Avant,J.Avant,PHI,WR,00-0024324
2011,pre,Jason Campbell,J.Campbell,OAK,QB,00-0023460
2011,pre,Jason Hill,J.Hill,JAC,WR,00-0025463
2011,pre,Jason Pociask,J.Pociask,DAL,FB,00-0024364
2011,pre,Jason Snelling,J.Snelling,ATL,RB,00-0025631
2011,pre,Jason Witten,J.Witten,DAL,TE,00-0022127
2011,pre,Javarris James,J.James,IND,RB,00-0027467
2011,pre,Javarris Williams,J.Williams,HOU,RB,00-0027141
2011,pre,Javon Ringer,J.Ringer,TEN,RB,00-0027120
2011,pre,Jay Cutler,J.Cutler,CHI,QB,00-0024226
2011,pre,Jeff Cumberland,J.Cumberland,NYJ,TE,00-0027321
2011,pre,Jeff Dugan,J.Dugan,MIN,TE,00-0022746
2011,pre,Jeff King,J.King,ARI,TE,00-0024369
2011,pre,Jeff Maehl,J.Maehl,HOU,WR,00-0028543
2011,pre,Jeremiah Johnson,J.Johnson,DEN,RB,00-0026799
2011,pre,Jeremy Horne,J.Horne,KC,WR,00-0027308
2011,pre,Jeremy Kerley,J.Kerley,NYJ,WR,00-0028091
2011,pre,Jeremy Shockey,J.Shockey,CAR,TE,00-0021148
2011,pre,Jerheme Urban,J.Urban,KC,WR,00-0021647
2011,pre,Jerious Norwood,J.Norwood,STL,RB,00-0024294
2011,pre,Jermaine Gresham,J.Gresham,CIN,TE,00-0027873
2011,pre,Jermichael Finley,J.Finley,GB,TE,00-0026231
2011,pre,Jerome Harrison,J.Harrison,DET,RB,00-0024359
2011,pre,Jerome Simpson,J.Simpson,CIN,WR,00-0026186
2011,pre,Jeron Mastrud,J.Mastrud,MIA,TE,00-0027445
2011,pre,Jerrel Jernigan,J.Jernigan,NYG,WR,00-0028021
2011,pre,Jerricho Cotchery,J.Cotchery,PIT,WR,00-0022811
2011,pre,Jerrod Johnson,J.Johnson,PHI,QB,00-0028370
2011,pre,Jesse Holley,J.Holley,DAL,WR,00-0024609
2011,pre,Jim Dray,J.Dray,ARI,TE,00-0027825
2011,pre,Jimmy Clausen,J.Clausen,CAR,QB,00-0027659
2011,pre,Jimmy Graham,J.Graham,NO,TE,00-0027696
2011,pre,Jimmy Kleinsasser,J.Kleinsasser,MIN,TE,00-0009323
2011,pre,Jock Sanders,J.Sanders,TB,WR,00-0028305
2011,pre,Joe Flacco,J.Flacco,BAL,QB,00-0026158
2011,pre,Joe Hastings,J.Hastings,SF,WR,00-0028242
2011,pre,Joe Horn,J.Horn,IND,WR,00-0028648
2011,pre,Joe McKnight,J.McKnight,NYJ,RB,00-0027712
2011,pre,Joe Webb,J.Webb,MIN,QB,00-0027796
2011,pre,Joe West,J.West,STL,WR,00-0026053
2011,pre,Joel Dreessen,J.Dreessen,HOU,TE,00-0023630
2011,pre,Joey Haynos,J.Haynos,JAC,TE,00-0026026
2011,pre,Johdrick Morris,J.Morris,BAL,TE,00-0028282
2011,pre,John Beck,J.Beck,WAS,QB,00-0025427
2011,pre,John Carlson,J.Carlson,SEA,TE,00-0026178
2011,pre,John Clay,J.Clay,PIT,RB,00-0028208
2011,pre,John Conner,J.Conner,NYJ,FB,00-0027739
2011,pre,John Griffin,J.Griffin,CIN,RB,00-0028377
2011,pre,John Kuhn,J.Kuhn,GB,FB,00-0022999
2011,pre,John Parker Wilson,J.Wilson,ATL,QB,00-0026505
2011,pre,John Phillips,J.Phillips,DAL,TE,00-0027139
2011,pre,John Skelton,J.Skelton,ARI,QB,00-0027754
2011,pre,John Standeford,J.Standeford,CIN,WR,00-0022277
2011,pre,Johnnie Lee Higgins,J.Higgins,PHI,WR,00-0025486
2011,pre,Johnny Knox,J.Knox,CHI,WR,00-0026913
2011,pre,Johnny White,J.White,BUF,RB,00-0028071
2011,pre,Jon Baldwin,J.Baldwin,KC,WR,00-0027964
2011,pre,Jon Hoese,J.Hoese,GB,FB,00-0028597
2011,pre,Jon Kitna,J.Kitna,DAL,QB,00-0009311
2011,pre,Jonathan Dwyer,J.Dwyer,PIT,RB,00-0027786
2011,pre,Jonathan Stewart,J.Stewart,CAR,RB,00-0026153
2011,pre,Jonathan Stupar,J.Stupar,BAL,TE,00-0025864
2011,pre,Jonathan Williams,J.Williams,CIN,RB,00-0028563
2011,pre,Jordan Cameron,J.Cameron,CLE,TE,00-0028040
2011,pre,Jordan Norwood,J.Norwood,CLE,WR,00-0026739
2011,pre,Jordan Palmer,J.Palmer,CIN,QB,00-0025592
2011,pre,Jordan Shipley,J.Shipley,CIN,WR,00-0027687
2011,pre,Jordy Nelson,J.Nelson,GB,WR,00-0026176
2011,pre,Joseph Addai,J.Addai,IND,RB,00-0024245
2011,pre,Joseph Morgan,J.Morgan,NO,WR,00-0028532
2011,pre,Josh Baker,J.Baker,NYJ,TE,00-0028291
2011,pre,Josh Cribbs,J.Cribbs,CLE,WR,00-0023176
2011,pre,Josh Freeman,J.Freeman,TB,QB,00-0026993
2011,pre,Josh Johnson,J.Johnson,TB,QB,00-0026300
2011,pre,Josh Morgan,J.Morgan,SF,WR,00-0026314
2011,pre,Josh Portis,J.Portis,SEA,QB,00-0028446
2011,pre,Josh Vaughan,J.Vaughan,CAR,RB,00-0026644
2011,pre,Julian Edelman,J.Edelman,NE,WR,00-0027150
2011,pre,Julio Jones,J.Jones,ATL,WR,00-0027944
2011,pre,Julius Thomas,J.Thomas,DEN,TE,00-0028067
2011,pre,Justin Forsett,J.Forsett,SEA,RB,00-0026373
2011,pre,Justin Gage,J.Gage,TEN,WR,00-0021982
2011,pre,Justin Harper,J.Harper,BAL,WR,00-0026355
2011,pre,Kahlil Bell,K.Bell,CHI,RB,00-0026579
2011,pre,Kamar Aiken,K.Aiken,BUF,WR,00-0028497
2011,pre,Kassim Osgood,K.Osgood,JAC,WR,00-0021570
2011,pre,Kealoha Pilares,K.Pilares,CAR,WR,00-0028070
2011,pre,Keary Colbert,K.Colbert,KC,WR,00-0022726
2011,pre,Keith Toston,K.Toston,STL,RB,00-0027257
2011,pre,Kellen Davis,K.Davis,CHI,TE,00-0026298
2011,pre,Kellen Winslow,K.Winslow,TB,TE,00-0022922
2011,pre,Kendall Hunter,K.Hunter,SF,RB,00-0028053
2011,pre,Kenny Britt,K.Britt,TEN,WR,00-0027006
2011,pre,Kerry Collins,K.Collins,IND,QB,00-0003292
2011,pre,Kerry Meier,K.Meier,ATL,WR,00-0027764
2011,pre,Kestahn Moore,K.Moore,TEN,RB,00-0026520
2011,pre,Kevin Boss,K.Boss,OAK,TE,00-0025540
2011,pre,Kevin Cone,K.Cone,ATL,WR,00-0028792
2011,pre,Kevin Curtis,K.Curtis,TEN,WR,00-0022001
2011,pre,Kevin Kolb,K.Kolb,ARI,QB,00-0025423
2011,pre,Kevin Ogletree,K.Ogletree,DAL,WR,00-0026780
2011,pre,Kevin Walter,K.Walter,HOU,WR,00-0021931
2011,pre,Knowshon Moreno,K.Moreno,DEN,RB,00-0026988
2011,pre,Konrad Reuland,K.Reuland,SF,TE,00-0028238
2011,pre,Kory Sperry,K.Sperry,SD,TE,00-0026757
2011,pre,Kregg Lumpkin,K.Lumpkin,TB,RB,00-0026029
2011,pre,Kris Durham,K.Durham,SEA,WR,00-0028045
2011,pre,Kris Wilson,K.Wilson,BAL,TE,00-0022714
2011,pre,Kyle Adams,K.Adams,CHI,TE,00-0028337
2011,pre,Kyle Boller,K.Boller,OAK,QB,00-0022164
2011,pre,Kyle Miller,K.Miller,JAC,TE,00-0028415
2011,pre,Kyle Rudolph,K.Rudolph,MIN,TE,00-0027981
2011,pre,Kyle Williams,K.Williams,SF,WR,00-0027608
2011,pre,L.J. Castile,L.Castile,CLE,WR,00-0028686
2011,pre,LaDainian Tomlinson,L.Tomlinson,NYJ,RB,00-0020536
2011,pre,Lance Ball,L.Ball,DEN,RB,00-0026432
2011,pre,Lance Kendricks,L.Kendricks,STL,TE,00-0027985
2011,pre,Lance Long,L.Long,SF,WR,00-0025934
2011,pre,Lance Moore,L.Moore,NO,WR,00-0023310
2011,pre,LaQuan Williams,L.Williams,BAL,WR,00-0028288
2011,pre,LaRod Stephens-Howling,L.Stephens-Howling,ARI,RB,00-0026956
2011,pre,Larrone Moore,L.Moore,IND,WR,00-0028652
2011,pre,Larry Fitzgerald,L.Fitzgerald,ARI,WR,00-0022921
2011,pre,Larry Johnson,L.Johnson,MIA,RB,00-0021976
2011,pre,Lavelle Hawkins,L.Hawkins,TEN,WR,00-0026266
2011,pre,Le'Ron McClain,L.McClain,KC,FB,00-0025524
2011,pre,Lee Evans,L.Evans,BAL,WR,00-0022910
2011,pre,LeGarrette Blount,L.Blount,TB,RB,00-0027325
2011,pre,Legedu Naanee,L.Naanee,CAR,WR,00-0025559
2011,pre,LenDale White,L.White,DEN,RB,00-0024260
2011,pre,Leon Washington,L.Washington,SEA,RB,00-0024332
2011,pre,Leonard Hankerson,L.Hankerson,WAS,WR,00-0028017
2011,pre,Leonard Pope,L.Pope,KC,TE,00-0024287
2011,pre,LeSean McCoy,L.McCoy,PHI,RB,00-0027029
2011,pre,Lestar Jean,L.Jean,HOU,WR,00-0028542
2011,pre,Levi Brown,L.Brown,BUF,QB,00-0027804
2011,pre,Lex Hilliard,L.Hilliard,MIA,FB,00-0026344
2011,pre,Logan Paulsen,L.Paulsen,WAS,TE,00-0027215
2011,pre,Logan Payne,L.Payne,NYJ,WR,00-0024595
2011,pre,Lorenzo Booker,L.Booker,MIN,RB,00-0025458
2011,pre,Louis Rankin,L.Rankin,OAK,RB,00-0025841
2011,pre,Luke McCown,L.McCown,JAC,QB,00-0022864
2011,pre,Luke Stocker,L.Stocker,TB,TE,00-0028042
2011,pre,Lyle Leong,L.Leong,DAL,WR,00-0028667
2011,pre,Malcom Floyd,M.Floyd,SD,WR,00-0022414
2011,pre,Manase Tonga,M.Tonga,OAK,FB,00-0027412
2011,pre,Manuel Johnson,M.Johnson,DAL,WR,00-0027149
2011,pre,Marc Mariani,M.Mariani,TEN,WR,00-0027816
2011,pre,Marcedes Lewis,M.Lewis,JAC,TE,00-0024243
2011,pre,Marcel Reece,M.Reece,OAK,FB,00-0026393
2011,pre,Marcus Easley,M.Easley,BUF,WR,00-0027708
2011,pre,Marcus Harris,M.Harris,DET,WR,00-0028627
2011,pre,Marcus Smith,M.Smith,BAL,WR,00-0026246
2011,pre,Mardy Gilyard,M.Gilyard,STL,WR,00-0027700
2011,pre,Mario Manningham,M.Manningham,NYG,WR,00-0026235
2011,pre,Marion Barber,M.Barber,CHI,RB,00-0023544
2011,pre,Mark Dell,M.Dell,DEN,WR,00-0028218
2011,pre,Mark Ingram,M.Ingram,NO,RB,00-0027966
2011,pre,Mark Sanchez,M.Sanchez,NYJ,QB,00-0026898
2011,pre,Marlon Moore,M.Moore,MIA,WR,00-0027356
2011,pre,Marques Colston,M.Colston,NO,WR,00-0024466
2011,pre,Marquez Branson,M.Branson,ATL,TE,00-0026513
2011,pre,Marshall Williams,M.Williams,IND,WR,00-0028232
2011,pre,Marshawn Lynch,M.Lynch,SEA,RB,00-0025399
2011,pre,Martellus Bennett,M.Bennett,DAL,TE,00-0026201
2011,pre,Matt Asiata,M.Asiata,MIN,RB,00-0028198
2011,pre,Matt Cassel,M.Cassel,KC,QB,00-0023662
2011,pre,Matt Flynn,M.Flynn,GB,QB,00-0026349
2011,pre,Matt Forte,M.Forte,CHI,RB,00-0026184
2011,pre,Matt Gutierrez,M.Gutierrez,WAS,QB,00-0024824
2011,pre,Matt Hasselbeck,M.Hasselbeck,TEN,QB,00-0007091
2011,pre,Matt Leinart,M.Leinart,HOU,QB,00-0024225
2011,pre,Matt Moore,M.Moore,MIA,QB,00-0025708
2011,pre,Matt Ryan,M.Ryan,ATL,QB,00-0026143
2011,pre,Matt Schaub,M.Schaub,HOU,QB,00-0022787
2011,pre,Matt Spaeth,M.Spaeth,CHI,TE,00-0025464
2011,pre,Matt Willis,M.Willis,DEN,WR,00-0024756
2011,pre,Matthew Mulligan,M.Mulligan,NYJ,TE,00-0026008
2011,pre,Matthew Stafford,M.Stafford,DET,QB,00-0026498
2011,pre,Maurice Jones-Drew,M.Jones-Drew,JAC,RB,00-0024275
2011,pre,Maurice Price,M.Price,TB,WR,00-0024819
2011,pre,Maurice Stovall,M.Stovall,DET,WR,00-0024305
2011,pre,Max Hall,M.Hall,ARI,QB,00-0027347
2011,pre,Mewelde Moore,M.Moore,PIT,RB,00-0022217
2011,pre,Michael Bennett,M.Bennett,OAK,RB,00-0020514
2011,pre,Michael Bush,M.Bush,OAK,RB,00-0025487
2011,pre,Michael Campbell,M.Campbell,NYJ,WR,00-0028293
2011,pre,Michael Clayton,M.Clayton,NYG,WR,00-0022725
2011,pre,Michael Jenkins,M.Jenkins,MIN,WR,00-0022781
2011,pre,Michael Matthews,M.Matthews,IND,TE,00-0024682
2011,pre,Michael Palmer,M.Palmer,ATL,TE,00-0027202
2011,pre,Michael Robinson,M.Robinson,SEA,FB,00-0024315
2011,pre,Michael Turner,M.Turner,ATL,RB,00-0022821
2011,pre,Micheal Spurlock,M.Spurlock,TB,WR,00-0023968
2011,pre,Mike Bell,M.Bell,DET,RB,00-0024011
2011,pre,Mike Caussin,M.Caussin,BUF,TE,00-0027500
2011,pre,Mike Goodson,M.Goodson,CAR,RB,00-0027080
2011,pre,Mike Hartline,M.Hartline,IND,QB,00-0028647
2011,pre,Mike Higgins,M.Higgins,NO,TE,00-0028522
2011,pre,Mike Kafka,M.Kafka,PHI,QB,00-0027722
2011,pre,Mike Sellers,M.Sellers,WAS,TE,00-0014655
2011,pre,Mike Thomas,M.Thomas,JAC,WR,00-0027076
2011,pre,Mike Tolbert,M.Tolbert,SD,RB,00-0026069
2011,pre,Mike Vick,M.Vick,PHI,QB,00-0020245
2011,pre,Mike Wallace,M.Wallace,PIT,WR,00-0026901
2011,pre,Mike Williams,M.Williams,SEA,WR,00-0023452
2011,pre,Mike Williams,M.Williams,TB,WR,00-0027702
2011,pre,Montario Hardesty,M.Hardesty,CLE,RB,00-0027666
2011,pre,Montell Owens,M.Owens,JAC,RB,00-0024103
2011,pre,Montez Billings,M.Billings,NO,WR,00-0027614
2011,pre,Mossis Madu,M.Madu,TB,RB,00-0028574
2011,pre,Naaman Roosevelt,N.Roosevelt,BUF,WR,00-0027220
2011,pre,Nate Burleson,N.Burleson,DET,WR,00-0021999
2011,pre,Nate Davis,N.Davis,IND,QB,00-0027118
2011,pre,Nate Hughes,N.Hughes,DET,WR,00-0026100
2011,pre,Nate Lawrie,N.Lawrie,SF,TE,00-0022907
2011,pre,Nate Washington,N.Washington,TEN,WR,00-0023367
2011,pre,Nathan Enderle,N.Enderle,CHI,QB,00-0028098
2011,pre,Niles Paul,N.Paul,WAS,WR,00-0028093
2011,pre,Onrea Jones,O.Jones,CHI,WR,00-0024645
2011,pre,Owen Daniels,O.Daniels,HOU,TE,00-0024313
2011,pre,Owen Marecic,O.Marecic,CLE,FB,00-0028062
2011,pre,Owen Schmitt,O.Schmitt,PHI,FB,00-0026303
2011,pre,Pat Devlin,P.Devlin,MIA,QB,00-0028453
2011,pre,Patrick Carter,P.Carter,MIA,WR,00-0026402
2011,pre,Patrick Cobbs,P.Cobbs,NO,RB,00-0024172
2011,pre,Patrick Crayton,P.Crayton,SD,WR,00-0022766
2011,pre,Patrick Turner,P.Turner,NYJ,WR,00-0027059
2011,pre,Paul Hubbard,P.Hubbard,BUF,WR,00-0026331
2011,pre,Percy Harvin,P.Harvin,MIN,WR,00-0026998
2011,pre,Peyton Hillis,P.Hillis,CLE,RB,00-0026367
2011,pre,Philip Rivers,P.Rivers,SD,QB,00-0022942
2011,pre,Philip Sylvester,P.Sylvester,ATL,RB,00-0028330
2011,pre,Phillip Tanner,P.Tanner,DAL,RB,00-0028613
2011,pre,Pierre Garcon,P.Garcon,IND,WR,00-0026345
2011,pre,Pierre Thomas,P.Thomas,NO,RB,00-0024813
2011,pre,Plaxico Burress,P.Burress,NYJ,WR,00-0019642
2011,pre,Preston Parker,P.Parker,TB,WR,00-0027450
2011,pre,Randall Cobb,R.Cobb,GB,WR,00-0028002
2011,pre,Randy McMichael,R.McMichael,SD,TE,00-0021236
2011,pre,Rashad Jennings,R.Jennings,JAC,RB,00-0027155
2011,pre,Rashard Mendenhall,R.Mendenhall,PIT,RB,00-0026163
2011,pre,Rashied Davis,R.Davis,DET,WR,00-0023429
2011,pre,Ray Rice,R.Rice,BAL,RB,00-0026195
2011,pre,Raymond Radway,R.Radway,DAL,WR,00-0028668
2011,pre,Reggie Bush,R.Bush,MIA,RB,00-0024217
2011,pre,Reggie Wayne,R.Wayne,IND,WR,00-0020498
2011,pre,Rex Grossman,R.Grossman,WAS,QB,00-0022121
2011,pre,Riar Geer,R.Geer,TEN,TE,00-0027283
2011,pre,Ricardo Lockette,R.Lockette,SEA,WR,00-0028442
2011,pre,Richard Bartel,R.Bartel,ARI,QB,00-0025749
2011,pre,Richard Dickson,R.Dickson,DET,TE,00-0027341
2011,pre,Richard Goodman,R.Goodman,SD,WR,00-0027585
2011,pre,Richard Gordon,R.Gordon,OAK,TE,00-0028119
2011,pre,Richard Murphy,R.Murphy,JAC,RB,00-0028416
2011,pre,Richie Brockel,R.Brockel,CAR,TE,00-0027583
2011,pre,Ricky Stanzi,R.Stanzi,KC,QB,00-0028073
2011,pre,Ricky Williams,R.Williams,BAL,RB,00-0017915
2011,pre,Riley Cooper,R.Cooper,PHI,WR,00-0027758
2011,pre,Rob Gronkowski,R.Gronkowski,NE,TE,00-0027656
2011,pre,Rob Housler,R.Housler,ARI,TE,00-0028007
2011,pre,Robert Hughes,R.Hughes,CHI,RB,00-0028345
2011,pre,Robert Meachem,R.Meachem,NO,WR,00-0025414
2011,pre,Roberto Wallace,R.Wallace,MIA,WR,00-0027358
2011,pre,Rock Cartwright,R.Cartwright,OAK,RB,00-0021357
2011,pre,Rod Harper,R.Harper,PHI,WR,00-0026025
2011,pre,Rod Windsor,R.Windsor,CLE,WR,00-0027923
2011,pre,Roddy White,R.White,ATL,WR,00-0023462
2011,pre,Ronnie Brown,R.Brown,PHI,RB,00-0023437
2011,pre,Roy Helu,R.Helu,WAS,RB,00-0028043
2011,pre,Roy Williams,R.Williams,CHI,WR,00-0022909
2011,pre,Rudy Carpenter,R.Carpenter,TB,QB,00-0026775
2011,pre,Rusty Smith,R.Smith,TEN,QB,00-0027775
2011,pre,Ruvell Martin,R.Martin,BUF,WR,00-0022421
2011,pre,Ryan Fitzpatrick,R.Fitzpatrick,BUF,QB,00-0023682
2011,pre,Ryan Grant,R.Grant,GB,RB,00-0022984
2011,pre,Ryan Mallett,R.Mallett,NE,QB,00-0028012
2011,pre,Ryan Mathews,R.Mathews,SD,RB,00-0027864
2011,pre,Ryan Perrilloux,R.Perrilloux,NYG,QB,00-0027931
2011,pre,Ryan Purvis,R.Purvis,TB,TE,00-0026804
2011,pre,Ryan Taylor,R.Taylor,GB,TE,00-0028156
2011,pre,Ryan Torain,R.Torain,WAS,RB,00-0026279
2011,pre,Ryan Whalen,R.Whalen,CIN,WR,00-0028105
2011,pre,Ryan Williams,R.Williams,ARI,RB,00-0027976
2011,pre,Ryan Winterswyk,R.Winterswyk,ATL,TE,00-0028335
2011,pre,Sam Bradford,S.Bradford,STL,QB,00-0027854
2011,pre,Sam Hurd,S.Hurd,CHI,WR,00-0023953
2011,pre,Sammie Stroughter,S.Stroughter,TB,WR,00-0026953
2011,pre,Santana Moss,S.Moss,WAS,WR,00-0020494
2011,pre,Santonio Holmes,S.Holmes,NYJ,WR,00-0024240
2011,pre,Scott Chandler,S.Chandler,BUF,TE,00-0025516
2011,pre,Scotty McKnight,S.McKnight,NYJ,WR,00-0028165
2011,pre,Sean Canfield,S.Canfield,NO,QB,00-0027830
2011,pre,Sean Jeffcoat,S.Jeffcoat,ARI,WR,00-0028720
2011,pre,Seneca Wallace,S.Wallace,CLE,QB,00-0022055
2011,pre,Shaky Smithson,S.Smithson,GB,WR,00-0028604
2011,pre,Shane Bannon,S.Bannon,KC,FB,00-0028161
2011,pre,Shane Vereen,S.Vereen,NE,RB,00-0027994
2011,pre,Shaun Bodiford,S.Bodiford,OAK,WR,00-0023822
2011,pre,Shaun Chapas,S.Chapas,DAL,RB,00-0028158
2011,pre,Shaun Hill,S.Hill,DET,QB,00-0020679
2011,pre,Shawnbrey McNeal,S.McNeal,SD,RB,00-0027589
2011,pre,Shonn Greene,S.Greene,NYJ,RB,00-0026899
2011,pre,Sidney Rice,S.Rice,SEA,WR,00-0025431
2011,pre,Sinorice Moss,S.Moss,PHI,WR,00-0024259
2011,pre,Spencer Havner,S.Havner,GB,TE,00-0023832
2011,pre,Stanley Havili,S.Havili,PHI,RB,00-0028178
2011,pre,Stephen Burton,S.Burton,MIN,WR,00-0028174
2011,pre,Stephen McGee,S.McGee,DAL,QB,00-0027071
2011,pre,Stephen Williams,S.Williams,ARI,WR,00-0027349
2011,pre,Stevan Ridley,S.Ridley,NE,RB,00-0028011
2011,pre,Steve Breaston,S.Breaston,KC,WR,00-0025529
2011,pre,Steve Johnson,S.Johnson,BUF,WR,00-0026364
2011,pre,Steve Skelton,S.Skelton,ARI,TE,00-0028728
2011,pre,Steve Smith,S.Smith,CAR,WR,00-0020337
2011,pre,Steven Jackson,S.Jackson,STL,RB,00-0022736
2011,pre,T.J. Yates,T.Yates,HOU,QB,00-0028090
2011,pre,Taiwan Jones,T.Jones,OAK,RB,00-0028063
2011,pre,Taj Smith,T.Smith,IND,WR,00-0026032
2011,pre,Tandon Doss,T.Doss,BAL,WR,00-0028061
2011,pre,Tarvaris Jackson,T.Jackson,SEA,QB,00-0024279
2011,pre,Ted Ginn,T.Ginn,SF,WR,00-0025396
2011,pre,Terrance Copper,T.Copper,KC,WR,00-0022388
2011,pre,Terrence Austin,T.Austin,WAS,WR,00-0027813
2011,pre,Terrence McCrae,T.McCrae,PIT,WR,00-0028199
2011,pre,Thomas Jones,T.Jones,KC,RB,00-0019641
2011,pre,Tim Buckley,T.Buckley,ATL,WR,00-0027207
2011,pre,Tim Hightower,T.Hightower,WAS,RB,00-0026289
2011,pre,Tim Tebow,T.Tebow,DEN,QB,00-0027876
2011,pre,Titus Young,T.Young,DET,WR,00-0027982
2011,pre,Toby Gerhart,T.Gerhart,MIN,RB,00-0027888
2011,pre,Todd Bouman,T.Bouman,JAC,QB,00-0001545
2011,pre,Todd Heap,T.Heap,ARI,TE,00-0020516
2011,pre,Todd Watkins,T.Watkins,NYG,WR,00-0024432
2011,pre,Tom Brady,T.Brady,NE,QB,00-0019596
2011,pre,Tom Crabtree,T.Crabtree,GB,TE,00-0026878
2011,pre,Tony Curtis,T.Curtis,WAS,TE,00-0023179
2011,pre,Tony Gonzalez,T.Gonzalez,ATL,TE,00-0006101
2011,pre,Tony Moeaki,T.Moeaki,KC,TE,00-0027695
2011,pre,Tony Romo,T.Romo,DAL,QB,00-0021678
2011,pre,Tony Scheffler,T.Scheffler,DET,TE,00-0024276
2011,pre,Tori Gurley,T.Gurley,GB,WR,00-0028596
2011,pre,Torrey Smith,T.Smith,BAL,WR,00-0027996
2011,pre,Tory Humphrey,T.Humphrey,NO,TE,00-0023210
2011,pre,Travis Beckum,T.Beckum,NYG,TE,00-0027070
2011,pre,Travon Patterson,T.Patterson,SD,WR,00-0028608
2011,pre,Trent Edwards,T.Edwards,OAK,QB,00-0025479
2011,pre,Trevor Vittatoe,T.Vittatoe,CHI,QB,00-0028356
2011,pre,Trindon Holliday,T.Holliday,HOU,WR,00-0027606
2011,pre,Tyler Grisham,T.Grisham,PIT,WR,00-0026562
2011,pre,Tyler Lorenzen,T.Lorenzen,NO,TE,00-0026611
2011,pre,Tyler Palko,T.Palko,KC,QB,00-0024812
2011,pre,Tyler Thigpen,T.Thigpen,BUF,QB,00-0025604
2011,pre,Tyrell Sutton,T.Sutton,CAR,RB,00-0026790
2011,pre,Tyrod Taylor,T.Taylor,BAL,QB,00-0028118
2011,pre,Tyson DeVree,T.DeVree,IND,TE,00-0026103
2011,pre,Tysson Poots,T.Poots,DAL,WR,00-0028782
2011,pre,Vai Taua,V.Taua,SEA,RB,00-0028511
2011,pre,Van Stumon,V.Stumon,STL,RB,00-0028464
2011,pre,Vernon Davis,V.Davis,SF,TE,00-0024221
2011,pre,Verran Tucker,V.Tucker,KC,WR,00-0027429
2011,pre,Victor Cruz,V.Cruz,NYG,WR,00-0027265
2011,pre,Vince Young,V.Young,PHI,QB,00-0024218
2011,pre,Vincent Brown,V.Brown,SD,WR,00-0028020
2011,pre,Vincent Jackson,V.Jackson,SD,WR,00-0023496
2011,pre,Virgil Green,V.Green,DEN,TE,00-0028142
2011,pre,Wallace Wright,W.Wright,CAR,WR,00-0024171
2011,pre,Wes Lyons,W.Lyons,PIT,WR,00-0027936
2011,pre,Wes Welker,W.Welker,NE,WR,00-0022427
2011,pre,Weslye Saunders,W.Saunders,PIT,TE,00-0028270
2011,pre,Will Heller,W.Heller,DET,TE,00-0021756
2011,pre,William Powell,W.Powell,ARI,RB,00-0028736
2011,pre,Willis McGahee,W.McGahee,DEN,RB,00-0022178
2011,pre,Yamon Figurs,Y.Figurs,TEN,WR,00-0025461
2011,pre,Zach Miller,Z.Miller,JAC,TE,00-0027125
2011,pre,Zach Miller,Z.Miller,SEA,TE,00-0025425
2011,pre,Zach Potter,Z.Potter,JAC,TE,00-0026658
2011,pre,Zeke Markshausen,Z.Markshausen,KC,WR,00-0027900
