season,season_type,full_player_name,abbr_player_name,team,position,gsis_id
2016,pre,A.J. Cruz,A.Cruz,MIA,WR,00-0032270
2016,pre,A.J. Green,A.Green,CIN,WR,00-0027942
2016,pre,Aaron Burbridge,A.Burbridge,SF,WR,00-0032441
2016,pre,Aaron Green,A.Green,LA,RB,00-0032672
2016,pre,Aaron Ripkowski,A.Ripkowski,GB,FB,00-0031612
2016,pre,Aaron Rodgers,A.Rodgers,GB,QB,00-0023459
2016,pre,Adam Fuehne,A.Fuehne,DET,TE,00-0032557
2016,pre,Adam Humphries,A.Humphries,TB,WR,00-0032009
2016,pre,Adam Thielen,A.Thielen,MIN,WR,00-0030035
2016,pre,AJ McCarron,A.McCarron,CIN,QB,00-0031288
2016,pre,Akeem Hunt,A.Hunt,HOU,RB,00-0031743
2016,pre,Albert Wilson,A.Wilson,KC,WR,00-0030669
2016,pre,Aldrick Robinson,A.Robinson,ATL,WR,00-0028116
2016,pre,Alex Collins,A.Collins,SEA,RB,00-0032426
2016,pre,Alex Erickson,A.Erickson,CIN,WR,00-0032543
2016,pre,Alex Smith,A.Smith,KC,QB,00-0023436
2016,pre,Alex Tanney,A.Tanney,TEN,QB,00-0029623
2016,pre,Alfred Blue,A.Blue,HOU,RB,00-0031075
2016,pre,Alfred Morris,A.Morris,DAL,RB,00-0029141
2016,pre,Allen Hurns,A.Hurns,JAX,WR,00-0030821
2016,pre,Allen Robinson,A.Robinson,JAX,WR,00-0031428
2016,pre,Alonzo Russell,A.Russell,CIN,WR,00-0032550
2016,pre,Alshon Jeffery,A.Jeffery,CHI,WR,00-0029137
2016,pre,Alstevis Squirewell,A.Squirewell,GB,RB,00-0032845
2016,pre,Amari Cooper,A.Cooper,OAK,WR,00-0031544
2016,pre,Ameer Abdullah,A.Abdullah,DET,RB,00-0032104
2016,pre,Amir Carlisle,A.Carlisle,ARI,WR,00-0032487
2016,pre,Andre Davis,A.Davis,TB,WR,00-0031635
2016,pre,Andre Ellington,A.Ellington,ARI,RB,00-0030287
2016,pre,Andre Holmes,A.Holmes,OAK,WR,00-0028263
2016,pre,Andre Johnson,A.Johnson,TEN,WR,00-0022044
2016,pre,Andre Roberts,A.Roberts,DET,WR,00-0027691
2016,pre,Andrew Hawkins,A.Hawkins,CLE,WR,00-0027918
2016,pre,Andrew Luck,A.Luck,IND,QB,00-0029668
2016,pre,Andrew Quarless,A.Quarless,DET,TE,00-0027753
2016,pre,Andy Dalton,A.Dalton,CIN,QB,00-0027973
2016,pre,Andy Jones,A.Jones,DAL,WR,00-0032707
2016,pre,Anquan Boldin,A.Boldin,DET,WR,00-0022084
2016,pre,Anthony Dable,A.Dable,NYG,WR,00-0032333
2016,pre,Anthony Fasano,A.Fasano,TEN,TE,00-0024268
2016,pre,Antonio Andrews,A.Andrews,TEN,RB,00-0030789
2016,pre,Antonio Brown,A.Brown,PIT,WR,00-0027793
2016,pre,Antwane Grant,A.Grant,CIN,WR,00-0032544
2016,pre,Arian Foster,A.Foster,MIA,RB,00-0026796
2016,pre,Arrelious Benn,A.Benn,JAX,WR,00-0027654
2016,pre,Arthur Lynch,A.Lynch,ATL,TE,00-0031286
2016,pre,Asante Cleveland,A.Cleveland,SD,TE,00-0030832
2016,pre,Austin Hill,A.Hill,LA,WR,00-0032101
2016,pre,Austin Hooper,A.Hooper,ATL,TE,00-0032392
2016,pre,Avius Capers,A.Capers,CAR,WR,00-0032277
2016,pre,Ben Koyack,B.Koyack,JAX,TE,00-0032139
2016,pre,Ben Roethlisberger,B.Roethlisberger,PIT,QB,00-0022924
2016,pre,Bennie Fowler,B.Fowler,DEN,WR,00-0030670
2016,pre,Benny Cunningham,B.Cunningham,LA,RB,00-0029795
2016,pre,Bernard Reedy,B.Reedy,TB,WR,00-0030743
2016,pre,Bilal Powell,B.Powell,NYJ,RB,00-0028064
2016,pre,Blaine Gabbert,B.Gabbert,SF,QB,00-0027948
2016,pre,Blake Annen,B.Annen,BUF,TE,00-0030707
2016,pre,Blake Bell,B.Bell,SF,TE,00-0032062
2016,pre,Blake Bortles,B.Bortles,JAX,QB,00-0031407
2016,pre,Bobby Rainey,B.Rainey,NYG,RB,00-0029384
2016,pre,Brad Sorensen,B.Sorensen,MIN,QB,00-0030292
2016,pre,Bradley Marquez,B.Marquez,LA,WR,00-0031818
2016,pre,Branden Oliver,B.Oliver,SD,RB,00-0031277
2016,pre,Brandin Cooks,B.Cooks,NO,WR,00-0031236
2016,pre,Brandon Allen,B.Allen,JAX,QB,00-0032434
2016,pre,Brandon Bolden,B.Bolden,NE,RB,00-0029239
2016,pre,Brandon Bostick,B.Bostick,NYJ,TE,00-0029601
2016,pre,Brandon Brown-Dukes,B.Brown-Dukes,PIT,RB,00-0032831
2016,pre,Brandon Coleman,B.Coleman,NO,WR,00-0030801
2016,pre,Brandon Doughty,B.Doughty,MIA,QB,00-0032446
2016,pre,Brandon LaFell,B.LaFell,CIN,WR,00-0027681
2016,pre,Brandon Marshall,B.Marshall,NYJ,WR,00-0024334
2016,pre,Brandon Myers,B.Myers,TB,TE,00-0027135
2016,pre,Brandon Ross,B.Ross,GB,RB,00-0032612
2016,pre,Brandon Weeden,B.Weeden,HOU,QB,00-0029677
2016,pre,Brandon Williams,B.Williams,SEA,TE,00-0029793
2016,pre,Braxton Deaver,B.Deaver,CAR,TE,00-0033032
2016,pre,Braxton Miller,B.Miller,HOU,WR,00-0033069
2016,pre,Brent Celek,B.Celek,PHI,TE,00-0025549
2016,pre,Brenton Bersin,B.Bersin,CAR,WR,00-0029394
2016,pre,Breshad Perriman,B.Perriman,BAL,WR,00-0032054
2016,pre,Brett Hundley,B.Hundley,GB,QB,00-0031589
2016,pre,Brian Hoyer,B.Hoyer,CHI,QB,00-0026625
2016,pre,Brian Parker,B.Parker,KC,TE,00-0032089
2016,pre,Brian Quick,B.Quick,LA,WR,00-0029640
2016,pre,Brice Butler,B.Butler,DAL,WR,00-0030516
2016,pre,Brittan Golden,B.Golden,ARI,WR,00-0029336
2016,pre,Brock Osweiler,B.Osweiler,HOU,QB,00-0029682
2016,pre,Bruce Ellington,B.Ellington,SF,WR,00-0031326
2016,pre,Bruce Gradkowski,B.Gradkowski,PIT,QB,00-0024408
2016,pre,Bryan Walters,B.Walters,JAX,WR,00-0027595
2016,pre,Bryce Petty,B.Petty,NYJ,QB,00-0031568
2016,pre,Bryn Renner,B.Renner,PIT,QB,00-0030673
2016,pre,Byron Marshall,B.Marshall,PHI,WR,00-0032964
2016,pre,C.J. Anderson,C.Anderson,DEN,RB,00-0029854
2016,pre,C.J. Fiedorowicz,C.Fiedorowicz,HOU,TE,00-0031302
2016,pre,C.J. Ham,C.Ham,MIN,RB,00-0032918
2016,pre,C.J. Prosise,C.Prosise,SEA,RB,00-0032393
2016,pre,C.J. Uzomah,C.Uzomah,CIN,TE,00-0032134
2016,pre,Cam Newton,C.Newton,CAR,QB,00-0027939
2016,pre,Cameron Artis-Payne,C.Artis-Payne,CAR,RB,00-0031599
2016,pre,Cameron Brate,C.Brate,TB,TE,00-0031273
2016,pre,Cameron Marshall,C.Marshall,SEA,RB,00-0029977
2016,pre,Cameron Meredith,C.Meredith,CHI,WR,00-0031912
2016,pre,Cameron Stingily,C.Stingily,PIT,RB,00-0031986
2016,pre,Cardale Jones,C.Jones,BUF,QB,00-0033098
2016,pre,Carlos Hyde,C.Hyde,SF,RB,00-0031045
2016,pre,Carson Palmer,C.Palmer,ARI,QB,00-0021429
2016,pre,Carson Wentz,C.Wentz,PHI,QB,00-0032950
2016,pre,Case Keenum,C.Keenum,LA,QB,00-0028986
2016,pre,Casey Pierce,C.Pierce,GB,TE,00-0031660
2016,pre,Cedric Peerman,C.Peerman,CIN,RB,00-0026932
2016,pre,Chad Henne,C.Henne,JAX,QB,00-0026197
2016,pre,Chandler Worthy,C.Worthy,NYJ,WR,00-0031932
2016,pre,Charcandrick West,C.West,KC,RB,00-0030668
2016,pre,Charles Clay,C.Clay,BUF,TE,00-0028112
2016,pre,Charles D. Johnson,C.Johnson,MIN,WR,00-0030113
2016,pre,Charles Sims,C.Sims,TB,RB,00-0031390
2016,pre,Charone Peake,C.Peake,NYJ,WR,00-0032959
2016,pre,Chase Coffman,C.Coffman,IND,TE,00-0027069
2016,pre,Chase Daniel,C.Daniel,PHI,QB,00-0026544
2016,pre,Chase Reynolds,C.Reynolds,LA,RB,00-0028795
2016,pre,Chester Rogers,C.Rogers,IND,WR,00-0032355
2016,pre,Chris Brown,C.Brown,DAL,WR,00-0032702
2016,pre,Chris Conley,C.Conley,KC,WR,00-0032128
2016,pre,Chris Givens,C.Givens,PHI,WR,00-0029614
2016,pre,Chris Gragg,C.Gragg,BUF,TE,00-0030049
2016,pre,Chris Hogan,C.Hogan,NE,WR,00-0028237
2016,pre,Chris Hubert,C.Hubert,ARI,WR,00-0032815
2016,pre,Chris Ivory,C.Ivory,JAX,RB,00-0027531
2016,pre,Chris Johnson,C.Johnson,ARI,RB,00-0026164
2016,pre,Chris Matthews,C.Matthews,BAL,WR,00-0028702
2016,pre,Chris Moore,C.Moore,BAL,WR,00-0032398
2016,pre,Chris Pantale,C.Pantale,PHI,TE,00-0030171
2016,pre,Chris Thompson,C.Thompson,WAS,RB,00-0030404
2016,pre,Christian Hackenberg,C.Hackenberg,NYJ,QB,00-0032953
2016,pre,Christian Ponder,C.Ponder,SF,QB,00-0027950
2016,pre,Chuck Jacobs,C.Jacobs,BAL,WR,00-0030034
2016,pre,Clayton Echard,C.Echard,SEA,TE,00-0033153
2016,pre,Clive Walford,C.Walford,OAK,TE,00-0032256
2016,pre,Cobi Hamilton,C.Hamilton,PIT,WR,00-0030290
2016,pre,Coby Fleener,C.Fleener,NO,TE,00-0029697
2016,pre,Cody Core,C.Core,CIN,WR,00-0032795
2016,pre,Cody Kessler,C.Kessler,CLE,QB,00-0033104
2016,pre,Cody Latimer,C.Latimer,DEN,WR,00-0031344
2016,pre,Cole Beasley,C.Beasley,DAL,WR,00-0029000
2016,pre,Cole Wick,C.Wick,DET,TE,00-0032562
2016,pre,Colin Kaepernick,C.Kaepernick,SF,QB,00-0027974
2016,pre,Colt McCoy,C.McCoy,WAS,QB,00-0027688
2016,pre,Connor Cook,C.Cook,OAK,QB,00-0032893
2016,pre,Connor Hamlett,C.Hamlett,CLE,TE,00-0031732
2016,pre,Connor Shaw,C.Shaw,CHI,QB,00-0030661
2016,pre,Cordarrelle Patterson,C.Patterson,MIN,WR,00-0030578
2016,pre,Corey Brown,C.Brown,CAR,WR,00-0031118
2016,pre,Corey Coleman,C.Coleman,CLE,WR,00-0032966
2016,pre,Corey Grant,C.Grant,JAX,RB,00-0031731
2016,pre,Cory Harkey,C.Harkey,LA,TE,00-0028958
2016,pre,Crockett Gillmore,C.Gillmore,BAL,TE,00-0030992
2016,pre,Cyrus Gray,C.Gray,ATL,RB,00-0029298
2016,pre,D.J. Foster,D.Foster,NE,RB,00-0032577
2016,pre,Dak Prescott,D.Prescott,DAL,QB,00-0033077
2016,pre,Damien Williams,D.Williams,MIA,RB,00-0030874
2016,pre,Damiere Byrd,D.Byrd,CAR,WR,00-0031868
2016,pre,Dan Herron,D.Herron,BUF,RB,00-0029588
2016,pre,Dan Orlovsky,D.Orlovsky,DET,QB,00-0023578
2016,pre,Daniel Braverman,D.Braverman,CHI,WR,00-0032801
2016,pre,Daniel Lasco,D.Lasco,NO,RB,00-0032804
2016,pre,Daniel Thomas,D.Thomas,MIA,RB,00-0028000
2016,pre,Danny Anthrop,D.Anthrop,IND,WR,00-0032342
2016,pre,Danny Woodhead,D.Woodhead,SD,RB,00-0026019
2016,pre,Darius Powe,D.Powe,NYG,WR,00-0032656
2016,pre,Darren Fells,D.Fells,ARI,TE,00-0029738
2016,pre,Darren Waller,D.Waller,BAL,TE,00-0031610
2016,pre,Darrin Peterson,D.Peterson,CHI,WR,00-0032847
2016,pre,Darrin Reaves,D.Reaves,KC,RB,00-0031123
2016,pre,Darrius Heyward-Bey,D.Heyward-Bey,PIT,WR,00-0026983
2016,pre,Davante Adams,D.Adams,GB,WR,00-0031381
2016,pre,David Fluellen,D.Fluellen,TEN,RB,00-0030711
2016,pre,David Glidden,D.Glidden,ATL,WR,00-0032824
2016,pre,David Johnson,D.Johnson,ARI,RB,00-0032187
2016,pre,David Johnson,D.Johnson,PIT,TE,00-0026957
2016,pre,David Morgan,D.Morgan,MIN,TE,00-0032430
2016,pre,David Richards,D.Richards,LA,WR,00-0032603
2016,pre,David Watford,D.Watford,PHI,WR,00-0033146
2016,pre,De'Anthony Thomas,D.Thomas,KC,WR,00-0031060
2016,pre,DeAndre Carter,D.Carter,NE,WR,00-0031763
2016,pre,DeAndre Hopkins,D.Hopkins,HOU,WR,00-0030564
2016,pre,DeAndre Reaves,D.Reaves,SD,WR,00-0032912
2016,pre,DeAndre Washington,D.Washington,OAK,RB,00-0032940
2016,pre,DeAngelo Williams,D.Williams,PIT,RB,00-0024242
2016,pre,Delanie Walker,D.Walker,TEN,TE,00-0024389
2016,pre,DeMarco Murray,D.Murray,TEN,RB,00-0028009
2016,pre,DeMarcus Ayers,D.Ayers,PIT,WR,00-0032365
2016,pre,Demarcus Robinson,D.Robinson,KC,WR,00-0032775
2016,pre,Demaryius Thomas,D.Thomas,DEN,WR,00-0027874
2016,pre,Demetrius Harris,D.Harris,KC,TE,00-0030155
2016,pre,Denard Robinson,D.Robinson,JAX,RB,00-0030547
2016,pre,Deonte Thompson,D.Thompson,CHI,WR,00-0029388
2016,pre,Derek Anderson,D.Anderson,CAR,QB,00-0023645
2016,pre,Derek Carr,D.Carr,OAK,QB,00-0031280
2016,pre,Derrick Henry,D.Henry,TEN,RB,00-0032764
2016,pre,DeSean Jackson,D.Jackson,WAS,WR,00-0026189
2016,pre,Deshon Foxx,D.Foxx,SEA,WR,00-0032174
2016,pre,DeVante Parker,D.Parker,MIA,WR,00-0031547
2016,pre,DeVier Posey,D.Posey,DEN,WR,00-0029673
2016,pre,Devin Fuller,D.Fuller,ATL,WR,00-0032451
2016,pre,Devin Funchess,D.Funchess,CAR,WR,00-0032055
2016,pre,Devin Lucien,D.Lucien,NE,WR,00-0032447
2016,pre,Devonta Freeman,D.Freeman,ATL,RB,00-0031285
2016,pre,Devontae Booker,D.Booker,DEN,RB,00-0032972
2016,pre,Dez Bryant,D.Bryant,DAL,WR,00-0027902
2016,pre,Dezmin Lewis,D.Lewis,BUF,WR,00-0032070
2016,pre,DiAndre Campbell,D.Campbell,SF,WR,00-0031506
2016,pre,Dion Sims,D.Sims,MIA,TE,00-0030422
2016,pre,Dobson Collins,D.Collins,BAL,WR,00-0026764
2016,pre,Dom Williams,D.Williams,SD,WR,00-0032915
2016,pre,Dominique Jones,D.Jones,MIA,TE,00-0028994
2016,pre,Dominique Williams,D.Williams,NYJ,RB,00-0030944
2016,pre,Donte Moncrief,D.Moncrief,IND,WR,00-0031339
2016,pre,Donteea Dye,D.Dye,TB,WR,00-0032008
2016,pre,Dontrelle Inman,D.Inman,SD,WR,00-0028411
2016,pre,Doug Baldwin,D.Baldwin,SEA,WR,00-0028434
2016,pre,Doug Martin,D.Martin,TB,RB,00-0029613
2016,pre,Douglas McNeil,D.McNeil,SEA,WR,00-0031487
2016,pre,Drew Brees,D.Brees,NO,QB,00-0020531
2016,pre,Drew Stanton,D.Stanton,ARI,QB,00-0025430
2016,pre,DuJuan Harris,D.Harris,SF,RB,00-0028409
2016,pre,Duke Johnson,D.Johnson,CLE,RB,00-0032257
2016,pre,Duke Williams,D.Williams,LA,WR,00-0032945
2016,pre,Durron Neal,D.Neal,DEN,WR,00-0032458
2016,pre,Dwayne Allen,D.Allen,IND,TE,00-0029689
2016,pre,Dwayne Harris,D.Harris,NYG,WR,00-0028114
2016,pre,Dwayne Washington,D.Washington,DET,RB,00-0032450
2016,pre,Ed Dickson,E.Dickson,CAR,TE,00-0027675
2016,pre,Ed Williams,E.Williams,GB,WR,00-0032287
2016,pre,Eddie Lacy,E.Lacy,GB,RB,00-0030485
2016,pre,EJ Manuel,E.Manuel,BUF,QB,00-0030526
2016,pre,Eli Manning,E.Manning,NYG,QB,00-0022803
2016,pre,Eli Rogers,E.Rogers,PIT,WR,00-0031782
2016,pre,Elijhaa Penny,E.Penny,ARI,RB,00-0032813
2016,pre,Emmanuel Sanders,E.Sanders,DEN,WR,00-0027685
2016,pre,Eric Decker,E.Decker,NYJ,WR,00-0027690
2016,pre,Eric Weems,E.Weems,ATL,WR,00-0024535
2016,pre,Erik Swoope,E.Swoope,IND,TE,00-0030854
2016,pre,Evan Spencer,E.Spencer,TB,WR,00-0031954
2016,pre,Ezekiel Elliott,E.Elliott,DAL,RB,00-0033045
2016,pre,Fitzgerald Toussaint,F.Toussaint,PIT,RB,00-0031332
2016,pre,Fozzy Whittaker,F.Whittaker,CAR,RB,00-0029731
2016,pre,Frank Gore,F.Gore,IND,RB,00-0023500
2016,pre,Frankie Hammond,F.Hammond,KC,WR,00-0030154
2016,pre,Franky Okafor,F.Okafor,ARI,WR,00-0033152
2016,pre,Freddie Martino,F.Martino,TB,WR,00-0030737
2016,pre,Gabe Holmes,G.Holmes,OAK,TE,00-0031884
2016,pre,Garrett Celek,G.Celek,SF,TE,00-0028903
2016,pre,Garrett Grayson,G.Grayson,NO,QB,00-0032148
2016,pre,Garrett Griffin,G.Griffin,NO,TE,00-0033095
2016,pre,Gary Barnidge,G.Barnidge,CLE,TE,00-0026281
2016,pre,Gavin Escobar,G.Escobar,DAL,TE,00-0030544
2016,pre,Geno Smith,G.Smith,NYJ,QB,00-0030565
2016,pre,Geoff Swaim,G.Swaim,DAL,TE,00-0032141
2016,pre,George Farmer,G.Farmer,SEA,RB,00-0031746
2016,pre,Geronimo Allison,G.Allison,GB,WR,00-0032626
2016,pre,Giovani Bernard,G.Bernard,CIN,RB,00-0030456
2016,pre,Golden Tate,G.Tate,DET,WR,00-0027891
2016,pre,Greg Little,G.Little,BUF,WR,00-0027997
2016,pre,Greg Olsen,G.Olsen,CAR,TE,00-0025418
2016,pre,Greg Salas,G.Salas,BUF,WR,00-0028050
2016,pre,Hakeem Valles,H.Valles,ARI,TE,00-0032508
2016,pre,Harry Douglas,H.Douglas,TEN,WR,00-0026224
2016,pre,Henry Krieger-Coble,H.Krieger-Coble,DEN,TE,00-0032523
2016,pre,Hunter Henry,H.Henry,SD,TE,00-0033090
2016,pre,Ifeanyi Momah,I.Momah,ARI,TE,00-0029740
2016,pre,Isaiah Burse,I.Burse,SD,WR,00-0030671
2016,pre,Isaiah Crowell,I.Crowell,CLE,RB,00-0030656
2016,pre,Isaiah Pead,I.Pead,MIA,RB,00-0029626
2016,pre,Issac Blakeney,I.Blakeney,PIT,WR,00-0031505
2016,pre,J.J. Nelson,J.Nelson,ARI,WR,00-0032112
2016,pre,J.P. Holtz,J.Holtz,CLE,TE,00-0032986
2016,pre,Jace Billingsley,J.Billingsley,DET,WR,00-0032553
2016,pre,Jack Doyle,J.Doyle,IND,TE,00-0030181
2016,pre,Jacob Tamme,J.Tamme,ATL,TE,00-0026267
2016,pre,Jacoby Brissett,J.Brissett,NE,QB,00-0033119
2016,pre,Jaelen Strong,J.Strong,HOU,WR,00-0031560
2016,pre,Jahwan Edwards,J.Edwards,CLE,RB,00-0032082
2016,pre,Jake Coker,J.Coker,ARI,QB,00-0032490
2016,pre,Jake Heaps,J.Heaps,SEA,QB,00-0032073
2016,pre,Jake Kumerow,J.Kumerow,CIN,WR,00-0031787
2016,pre,Jake Lampman,J.Lampman,NO,WR,00-0033021
2016,pre,Jake Rudock,J.Rudock,DET,QB,00-0032431
2016,pre,Jakeem Grant,J.Grant,MIA,WR,00-0032791
2016,pre,Jalen Richard,J.Richard,OAK,RB,00-0033025
2016,pre,Jalen Simmons,J.Simmons,CAR,RB,00-0033035
2016,pre,Jalin Marshall,J.Marshall,NYJ,WR,00-0032694
2016,pre,Jalston Fowler,J.Fowler,TEN,FB,00-0032130
2016,pre,Jamal Robinson,J.Robinson,JAX,WR,00-0032524
2016,pre,Jameill Showers,J.Showers,DAL,QB,00-0031755
2016,pre,Jameis Winston,J.Winston,TB,QB,00-0031503
2016,pre,Jamel Johnson,J.Johnson,GB,WR,00-0032325
2016,pre,James Jones,J.Jones,SD,WR,00-0025465
2016,pre,James O'Shaughnessy,J.O'Shaughnessy,KC,TE,00-0031951
2016,pre,James Starks,J.Starks,GB,RB,00-0027791
2016,pre,James White,J.White,NE,RB,00-0031062
2016,pre,James Wilder Jr.,J.Jr.,BUF,RB,00-0030786
2016,pre,James Wright,J.Wright,CIN,WR,00-0031291
2016,pre,Jamison Crowder,J.Crowder,WAS,WR,00-0031941
2016,pre,Jamize Olawale,J.Olawale,OAK,FB,00-0029492
2016,pre,Jared Abbrederis,J.Abbrederis,GB,WR,00-0031021
2016,pre,Jared Cook,J.Cook,GB,TE,00-0027061
2016,pre,Jared Dangerfield,J.Dangerfield,NO,WR,00-0033000
2016,pre,Jared Goff,J.Goff,LA,QB,00-0033106
2016,pre,Jarius Wright,J.Wright,MIN,WR,00-0029572
2016,pre,Jaron Brown,J.Brown,ARI,WR,00-0030300
2016,pre,Jarrett Boykin,J.Boykin,BUF,WR,00-0029051
2016,pre,Jarvis Landry,J.Landry,MIA,WR,00-0031382
2016,pre,Jarvis Turner,J.Turner,WAS,WR,00-0033088
2016,pre,Jason Witten,J.Witten,DAL,TE,00-0022127
2016,pre,Javorius Allen,J.Allen,BAL,RB,00-0031577
2016,pre,Jaxon Shipley,J.Shipley,ARI,WR,00-0031710
2016,pre,Jay Ajayi,J.Ajayi,MIA,RB,00-0031590
2016,pre,Jay Cutler,J.Cutler,CHI,QB,00-0024226
2016,pre,Jay Lee,J.Lee,DET,WR,00-0032559
2016,pre,Jay Prosch,J.Prosch,HOU,FB,00-0031085
2016,pre,Jaydon Mickens,J.Mickens,OAK,WR,00-0033006
2016,pre,Je'Ron Hamm,J.Hamm,SF,TE,00-0030805
2016,pre,Jeff Cumberland,J.Cumberland,SD,TE,00-0027321
2016,pre,Jeff Heuerman,J.Heuerman,DEN,TE,00-0032227
2016,pre,Jerell Adams,J.Adams,NYG,TE,00-0032429
2016,pre,Jeremy Hill,J.Hill,CIN,RB,00-0031301
2016,pre,Jeremy Langford,J.Langford,CHI,RB,00-0031569
2016,pre,Jeremy Maclin,J.Maclin,KC,WR,00-0026995
2016,pre,Jerick McKinnon,J.McKinnon,MIN,RB,00-0031376
2016,pre,Jermaine Gresham,J.Gresham,ARI,TE,00-0027873
2016,pre,Jermaine Kearse,J.Kearse,SEA,WR,00-0029159
2016,pre,Jerome Cunningham,J.Cunningham,TEN,TE,00-0031462
2016,pre,Jerome Simpson,J.Simpson,SF,WR,00-0026186
2016,pre,Jerrod Johnson,J.Johnson,BAL,QB,00-0028370
2016,pre,Jesse James,J.James,PIT,TE,00-0032135
2016,pre,Jimmay Mundine,J.Mundine,BUF,TE,00-0032237
2016,pre,Jimmy Garoppolo,J.Garoppolo,NE,QB,00-0031345
2016,pre,Joe Banyard,J.Banyard,JAX,RB,00-0029048
2016,pre,Joe Flacco,J.Flacco,BAL,QB,00-0026158
2016,pre,Joe Licata,J.Licata,CIN,QB,00-0033027
2016,pre,Joe Sommers,J.Sommers,SEA,TE,00-0032668
2016,pre,Joe Webb,J.Webb,CAR,QB,00-0027796
2016,pre,Joey Iosefa,J.Iosefa,NE,FB,00-0032122
2016,pre,John Crockett,J.Crockett,GB,RB,00-0031826
2016,pre,John Kuhn,J.Kuhn,NO,FB,00-0022999
2016,pre,John Peters,J.Peters,CIN,TE,00-0031977
2016,pre,Johnny Holton,J.Holton,OAK,WR,00-0032935
2016,pre,Jonathan Amosa,J.Amosa,SEA,RB,00-0030350
2016,pre,Jonathan Grimes,J.Grimes,HOU,RB,00-0029510
2016,pre,Jonathan Stewart,J.Stewart,CAR,RB,00-0026153
2016,pre,Jonathan Williams,J.Williams,BUF,RB,00-0032975
2016,pre,Jordan Cameron,J.Cameron,MIA,TE,00-0028040
2016,pre,Jordan Howard,J.Howard,CHI,RB,00-0032780
2016,pre,Jordan Norwood,J.Norwood,DEN,WR,00-0026739
2016,pre,Jordan Payton,J.Payton,CLE,WR,00-0032974
2016,pre,Jordan Reed,J.Reed,WAS,TE,00-0030472
2016,pre,Jordan Taylor,J.Taylor,DEN,WR,00-0031697
2016,pre,Jordan Todman,J.Todman,IND,RB,00-0028121
2016,pre,Jordan Williams-Lambert,J.Williams-Lambert,NO,WR,00-0032876
2016,pre,Josh Bellamy,J.Bellamy,CHI,WR,00-0029319
2016,pre,Josh Ferguson,J.Ferguson,IND,RB,00-0032377
2016,pre,Josh Gordon,J.Gordon,CLE,WR,00-0029664
2016,pre,Josh Hill,J.Hill,NO,TE,00-0030216
2016,pre,Josh Lenz,J.Lenz,HOU,WR,00-0030135
2016,pre,Josh McCown,J.McCown,CLE,QB,00-0021206
2016,pre,Josh Perkins,J.Perkins,ATL,TE,00-0032599
2016,pre,Joshua Stangby,J.Stangby,IND,WR,00-0031679
2016,pre,Julian Edelman,J.Edelman,NE,WR,00-0027150
2016,pre,Julio Jones,J.Jones,ATL,WR,00-0027944
2016,pre,Julius Thomas,J.Thomas,JAX,TE,00-0028067
2016,pre,Justice Cunningham,J.Cunningham,LA,TE,00-0030129
2016,pre,Justin Hardy,J.Hardy,ATL,WR,00-0031570
2016,pre,Juwan Thompson,J.Thompson,DEN,RB,00-0030705
2016,pre,K.J. Brent,K.Brent,OAK,WR,00-0032926
2016,pre,Ka'Deem Carey,K.Carey,CHI,RB,00-0031057
2016,pre,Kadron Boone,K.Boone,NYG,WR,00-0030709
2016,pre,Kaelin Clay,K.Clay,BAL,WR,00-0032115
2016,pre,Kain Colter,K.Colter,BUF,WR,00-0030932
2016,pre,Kalif Raymond,K.Raymond,DEN,WR,00-0032464
2016,pre,Kamar Aiken,K.Aiken,BAL,WR,00-0028497
2016,pre,Kapri Bibbs,K.Bibbs,DEN,RB,00-0031102
2016,pre,Kashif Moore,K.Moore,KC,WR,00-0028918
2016,pre,Keenan Allen,K.Allen,SD,WR,00-0030279
2016,pre,Keenan Reynolds,K.Reynolds,BAL,WR,00-0033078
2016,pre,Keith Marshall,K.Marshall,WAS,RB,00-0032806
2016,pre,Keith Mumphery,K.Mumphery,HOU,WR,00-0031600
2016,pre,Keith Smith,K.Smith,DAL,FB,00-0030968
2016,pre,Kellen Clemens,K.Clemens,SD,QB,00-0024264
2016,pre,Kellen Davis,K.Davis,NYJ,TE,00-0026298
2016,pre,Kelvin Benjamin,K.Benjamin,CAR,WR,00-0031359
2016,pre,Kenbrell Thompkins,K.Thompkins,NYJ,WR,00-0030000
2016,pre,Kendal Thompson,K.Thompson,WAS,WR,00-0033143
2016,pre,Kendall Gaskins,K.Gaskins,SF,RB,00-0030039
2016,pre,Kenjon Barner,K.Barner,PHI,RB,00-0030465
2016,pre,Kenneth Dixon,K.Dixon,BAL,RB,00-0032411
2016,pre,Kenneth Farrow,K.Farrow,SD,RB,00-0032902
2016,pre,Kenny Britt,K.Britt,LA,WR,00-0027006
2016,pre,Kenny Hilliard,K.Hilliard,HOU,RB,00-0031625
2016,pre,Kenny Lawler,K.Lawler,SEA,WR,00-0032453
2016,pre,Kenny Stills,K.Stills,MIA,WR,00-0030085
2016,pre,Kenyan Drake,K.Drake,MIA,RB,00-0033118
2016,pre,Kerwynn Williams,K.Williams,ARI,RB,00-0030117
2016,pre,Kevin Monangai,K.Monangai,MIN,RB,00-0032283
2016,pre,Kevin White,K.White,CHI,WR,00-0031545
2016,pre,Keyarris Garrett,K.Garrett,CAR,WR,00-0032995
2016,pre,Khiry Robinson,K.Robinson,NYJ,RB,00-0030348
2016,pre,Kieren Duncan,K.Duncan,CHI,WR,00-0033015
2016,pre,Kirk Cousins,K.Cousins,WAS,QB,00-0029604
2016,pre,Kivon Cartwright,K.Cartwright,TB,TE,00-0032743
2016,pre,Konrad Reuland,K.Reuland,IND,TE,00-0028238
2016,pre,Kyle Carter,K.Carter,MIN,TE,00-0032606
2016,pre,Kyle Rudolph,K.Rudolph,MIN,TE,00-0027981
2016,pre,Kyle Williams,K.Williams,NYJ,WR,00-0027608
2016,pre,Lamar Miller,L.Miller,HOU,RB,00-0029615
2016,pre,Lance Kendricks,L.Kendricks,LA,TE,00-0027985
2016,pre,Landry Jones,L.Jones,PIT,QB,00-0030524
2016,pre,Laquon Treadwell,L.Treadwell,MIN,WR,00-0032951
2016,pre,LaRon Byrd,L.Byrd,CAR,WR,00-0029343
2016,pre,Larry Donnell,L.Donnell,NYG,TE,00-0028838
2016,pre,Larry Fitzgerald,L.Fitzgerald,ARI,WR,00-0022921
2016,pre,Latavius Murray,L.Murray,OAK,RB,00-0030513
2016,pre,Le'Veon Bell,L.Bell,PIT,RB,00-0030496
2016,pre,Lee Smith,L.Smith,OAK,TE,00-0028097
2016,pre,LeGarrette Blount,L.Blount,NE,RB,00-0027325
2016,pre,Leonard Hankerson,L.Hankerson,BUF,WR,00-0028017
2016,pre,Leonte Carroo,L.Carroo,MIA,WR,00-0033060
2016,pre,LeSean McCoy,L.McCoy,BUF,RB,00-0027029
2016,pre,Levi Norwood,L.Norwood,PIT,WR,00-0031913
2016,pre,Levine Toilolo,L.Toilolo,ATL,TE,00-0030443
2016,pre,Lucky Whitehead,L.Whitehead,DAL,WR,00-0031757
2016,pre,Luke McCown,L.McCown,NO,QB,00-0022864
2016,pre,Luke Willson,L.Willson,SEA,TE,00-0030089
2016,pre,Mack Brown,M.Brown,WAS,RB,00-0032048
2016,pre,Malcolm Brown,M.Brown,LA,RB,00-0031806
2016,pre,Malcolm Mitchell,M.Mitchell,NE,WR,00-0032400
2016,pre,Marcedes Lewis,M.Lewis,JAX,TE,00-0024243
2016,pre,Marcus Johnson,M.Johnson,PHI,WR,00-0032980
2016,pre,Marcus Mariota,M.Mariota,TEN,QB,00-0032268
2016,pre,Marcus Murphy,M.Murphy,NO,RB,00-0031959
2016,pre,Marcus Tucker,M.Tucker,PIT,WR,00-0032832
2016,pre,Mark Ingram,M.Ingram,NO,RB,00-0027966
2016,pre,Markus Wheaton,M.Wheaton,PIT,WR,00-0030460
2016,pre,Marlon Moore,M.Moore,CLE,WR,00-0027356
2016,pre,Marqise Lee,M.Lee,JAX,WR,00-0031431
2016,pre,MarQueis Gray,M.Gray,MIA,TE,00-0029878
2016,pre,Marquis Bundy,M.Bundy,ARI,WR,00-0033087
2016,pre,Marquise Goodwin,M.Goodwin,BUF,WR,00-0030068
2016,pre,Marquise Williams,M.Williams,GB,QB,00-0033071
2016,pre,Marshaun Coprich,M.Coprich,NYG,RB,00-0032639
2016,pre,Martellus Bennett,M.Bennett,NE,TE,00-0026201
2016,pre,Marvin Jones,M.Jones,DET,WR,00-0029293
2016,pre,Matt Asiata,M.Asiata,MIN,RB,00-0028198
2016,pre,Matt Cassel,M.Cassel,TEN,QB,00-0023662
2016,pre,Matt Forte,M.Forte,NYJ,RB,00-0026184
2016,pre,Matt Jones,M.Jones,WAS,RB,00-0031939
2016,pre,Matt McGloin,M.McGloin,OAK,QB,00-0030419
2016,pre,Matt Moore,M.Moore,MIA,QB,00-0025708
2016,pre,Matt Ryan,M.Ryan,ATL,QB,00-0026143
2016,pre,Matt Schaub,M.Schaub,ATL,QB,00-0022787
2016,pre,Matt Simms,M.Simms,ATL,QB,00-0029151
2016,pre,Matt Weiser,M.Weiser,SD,TE,00-0032914
2016,pre,Matthew Stafford,M.Stafford,DET,QB,00-0026498
2016,pre,Maurice Harris,M.Harris,WAS,WR,00-0032362
2016,pre,Max Wittek,M.Wittek,JAX,QB,00-0032527
2016,pre,Maxx Williams,M.Williams,BAL,TE,00-0031558
2016,pre,McLeod Bethel-Thompson,M.Bethel-Thompson,PHI,QB,00-0028359
2016,pre,Melvin Gordon,M.Gordon,SD,RB,00-0032144
2016,pre,Michael Bennett,M.Bennett,CIN,WR,00-0032312
2016,pre,Michael Campanaro,M.Campanaro,BAL,WR,00-0031025
2016,pre,Michael Crabtree,M.Crabtree,OAK,WR,00-0026986
2016,pre,Michael Miller,M.Miller,IND,TE,00-0032352
2016,pre,Michael Thomas,M.Thomas,NO,WR,00-0032765
2016,pre,Mike Bercovici,M.Bercovici,SD,QB,00-0032901
2016,pre,Mike Davis,M.Davis,SF,RB,00-0032063
2016,pre,Mike Evans,M.Evans,TB,WR,00-0031408
2016,pre,Mike Gillislee,M.Gillislee,BUF,RB,00-0030433
2016,pre,Mike Glennon,M.Glennon,TB,QB,00-0030520
2016,pre,Mike Thomas,M.Thomas,LA,WR,00-0033114
2016,pre,Mike Tolbert,M.Tolbert,CAR,FB,00-0026069
2016,pre,Mike Wallace,M.Wallace,BAL,WR,00-0026901
2016,pre,Mike Williams,M.Williams,KC,WR,00-0027702
2016,pre,Miles Shuler,M.Shuler,CAR,WR,00-0033034
2016,pre,Mohamed Sanu,M.Sanu,ATL,WR,00-0029632
2016,pre,Montario Hunter,M.Hunter,SEA,WR,00-0033150
2016,pre,Moritz Boehringer,M.Boehringer,MIN,WR,00-0032341
2016,pre,Mychal Rivera,M.Rivera,OAK,TE,00-0030514
2016,pre,Nate Sudfeld,N.Sudfeld,WAS,QB,00-0032792
2016,pre,Nate Washington,N.Washington,NE,WR,00-0023367
2016,pre,Nathan Palmer,N.Palmer,OAK,WR,00-0028906
2016,pre,Neal Sterling,N.Sterling,JAX,TE,00-0032120
2016,pre,Nelson Agholor,N.Agholor,PHI,WR,00-0031549
2016,pre,Nelson Spruce,N.Spruce,LA,WR,00-0032685
2016,pre,Nic Jacobs,N.Jacobs,JAX,TE,00-0030806
2016,pre,Nick Boyle,N.Boyle,BAL,TE,00-0031598
2016,pre,Nick Foles,N.Foles,KC,QB,00-0029567
2016,pre,Nick O'Leary,N.O'Leary,BUF,TE,00-0032117
2016,pre,Nick Vannett,N.Vannett,SEA,TE,00-0032394
2016,pre,Nick Williams,N.Williams,ATL,WR,00-0029848
2016,pre,Niles Paul,N.Paul,WAS,TE,00-0028093
2016,pre,Odell Beckham,O.Beckham,NYG,WR,00-0031235
2016,pre,Orleans Darkwa,O.Darkwa,NYG,RB,00-0030860
2016,pre,Orson Charles,O.Charles,DET,TE,00-0029414
2016,pre,Paul Lang,P.Lang,PIT,TE,00-0033099
2016,pre,Paul Lasike,P.Lasike,CHI,FB,00-0031706
2016,pre,Paul McRoberts,P.McRoberts,LA,WR,00-0032679
2016,pre,Paul Perkins,P.Perkins,NYG,RB,00-0032417
2016,pre,Paul Richardson,P.Richardson,SEA,WR,00-0031257
2016,pre,Paul Turner,P.Turner,PHI,WR,00-0032841
2016,pre,Paxton Lynch,P.Lynch,DEN,QB,00-0033108
2016,pre,Peyton Barber,P.Barber,TB,RB,00-0032741
2016,pre,Pharoh Cooper,P.Cooper,LA,WR,00-0033111
2016,pre,Philip Rivers,P.Rivers,SD,QB,00-0022942
2016,pre,Phillip Dorsett,P.Dorsett,IND,WR,00-0032208
2016,pre,Phillip Supernaw,P.Supernaw,TEN,TE,00-0028987
2016,pre,Pierre Garcon,P.Garcon,WAS,WR,00-0026345
2016,pre,Quan Bray,Q.Bray,IND,WR,00-0031514
2016,pre,Quenton Bundrage,Q.Bundrage,HOU,WR,00-0032691
2016,pre,Quincy Enunwa,Q.Enunwa,NYJ,WR,00-0031023
2016,pre,Quinshad Davis,Q.Davis,DET,WR,00-0032554
2016,pre,Quinton Patton,Q.Patton,SF,WR,00-0030450
2016,pre,R.J. Harris,R.Harris,NO,WR,00-0032029
2016,pre,Rajion Neal,R.Neal,CLE,RB,00-0030756
2016,pre,Randall Cobb,R.Cobb,GB,WR,00-0028002
2016,pre,Randall Telfer,R.Telfer,CLE,TE,00-0031533
2016,pre,Rannell Hall,R.Hall,CLE,WR,00-0031846
2016,pre,Rashad Greene,R.Greene,JAX,WR,00-0032170
2016,pre,Rashad Jennings,R.Jennings,NYG,RB,00-0027155
2016,pre,Rashad Lawrence,R.Lawrence,JAX,WR,00-0031009
2016,pre,Rashard Higgins,R.Higgins,CLE,WR,00-0032977
2016,pre,Rashaun Simonise,R.Simonise,CIN,WR,00-0033141
2016,pre,Rashawn Scott,R.Scott,MIA,WR,00-0032621
2016,pre,Rasheed Bailey,R.Bailey,JAX,WR,00-0031645
2016,pre,Rasheed Bailey,R.Bailey,SD,WR,00-0031645
2016,pre,Reggie Bell,R.Bell,NO,WR,00-0031529
2016,pre,Reggie Bush,R.Bush,BUF,RB,00-0024217
2016,pre,Rex Burkhead,R.Burkhead,CIN,RB,00-0030288
2016,pre,Richard Mullaney,R.Mullaney,DAL,WR,00-0032732
2016,pre,Richard Rodgers,R.Rodgers,GB,TE,00-0031384
2016,pre,Rico Gathers,R.Gathers,DAL,TE,00-0033054
2016,pre,Rishard Matthews,R.Matthews,TEN,WR,00-0029580
2016,pre,Rob Housler,R.Housler,CHI,TE,00-0028007
2016,pre,Rob Kelley,R.Kelley,WAS,RB,00-0032371
2016,pre,Robby Anderson,R.Anderson,NYJ,WR,00-0032688
2016,pre,Robert Griffin III,R.III,CLE,QB,00-0029665
2016,pre,Robert Turbin,R.Turbin,IND,RB,00-0029273
2016,pre,Robert Woods,R.Woods,BUF,WR,00-0030431
2016,pre,Rod Smith,R.Smith,DAL,RB,00-0031900
2016,pre,Roger Lewis,R.Lewis,NYG,WR,00-0032659
2016,pre,Romar Morris,R.Morris,NYJ,RB,00-0033062
2016,pre,Ross Travis,R.Travis,KC,TE,00-0032319
2016,pre,Rueben Randle,R.Randle,PHI,WR,00-0029262
2016,pre,Russell Shepard,R.Shepard,TB,WR,00-0030147
2016,pre,Russell Wilson,R.Wilson,SEA,QB,00-0029263
2016,pre,Ryan Fitzpatrick,R.Fitzpatrick,NYJ,QB,00-0023682
2016,pre,Ryan Grant,R.Grant,WAS,WR,00-0031068
2016,pre,Ryan Griffin,R.Griffin,HOU,TE,00-0030108
2016,pre,Ryan Griffin,R.Griffin,TB,QB,00-0029857
2016,pre,Ryan Malleck,R.Malleck,NYG,TE,00-0032650
2016,pre,Ryan Mallett,R.Mallett,BAL,QB,00-0028012
2016,pre,Ryan Mathews,R.Mathews,PHI,RB,00-0027864
2016,pre,Ryan Nassib,R.Nassib,NYG,QB,00-0030586
2016,pre,Ryan O'Malley,R.O'Malley,OAK,TE,00-0032932
2016,pre,Ryan Tannehill,R.Tannehill,MIA,QB,00-0029701
2016,pre,Ryan Whalen,R.Whalen,SF,WR,00-0028105
2016,pre,Sammie Coates,S.Coates,PIT,WR,00-0032166
2016,pre,Sammy Watkins,S.Watkins,BUF,WR,00-0031325
2016,pre,Scott Simonson,S.Simonson,CAR,TE,00-0031167
2016,pre,Scott Tolzien,S.Tolzien,IND,QB,00-0028595
2016,pre,Sean Mannion,S.Mannion,LA,QB,00-0032245
2016,pre,Sean McGrath,S.McGrath,SD,TE,00-0029391
2016,pre,Sean Renfree,S.Renfree,ATL,QB,00-0030569
2016,pre,Seantavius Jones,S.Jones,KC,WR,00-0030807
2016,pre,Seth DeValve,S.DeValve,CLE,TE,00-0033080
2016,pre,Seth Roberts,S.Roberts,OAK,WR,00-0031166
2016,pre,Shane Vereen,S.Vereen,NYG,RB,00-0027994
2016,pre,Shane Wynn,S.Wynn,JAX,WR,00-0031684
2016,pre,Shaun Draughn,S.Draughn,SF,RB,00-0028202
2016,pre,Shaun Hill,S.Hill,MIN,QB,00-0020679
2016,pre,Spencer Ware,S.Ware,KC,RB,00-0030414
2016,pre,Stefon Diggs,S.Diggs,MIN,WR,00-0031588
2016,pre,Stepfan Taylor,S.Taylor,ARI,RB,00-0030282
2016,pre,Stephen Anderson,S.Anderson,HOU,TE,00-0032725
2016,pre,Stephen Hill,S.Hill,CAR,WR,00-0028995
2016,pre,Stephen Houston,S.Houston,BAL,RB,00-0030685
2016,pre,Stephen Morris,S.Morris,IND,QB,00-0030825
2016,pre,Sterling Shepard,S.Shepard,NYG,WR,00-0032385
2016,pre,T.J. Jones,T.Jones,DET,WR,00-0031189
2016,pre,T.J. Thorpe,T.Thorpe,WAS,WR,00-0033142
2016,pre,T.J. Yeldon,T.Yeldon,JAX,RB,00-0032209
2016,pre,T.Y. Hilton,T.Hilton,IND,WR,00-0029608
2016,pre,Taiwan Jones,T.Jones,OAK,RB,00-0028063
2016,pre,Tajae Sharpe,T.Sharpe,TEN,WR,00-0032778
2016,pre,Tanner McEvoy,T.McEvoy,SEA,WR,00-0032475
2016,pre,Tavarres King,T.King,NYG,WR,00-0030091
2016,pre,Tavon Austin,T.Austin,LA,WR,00-0030525
2016,pre,Ted Ginn,T.Ginn,CAR,WR,00-0025396
2016,pre,Teddy Bridgewater,T.Bridgewater,MIN,QB,00-0031237
2016,pre,Temarrick Hemingway,T.Hemingway,LA,TE,00-0033112
2016,pre,Terrance West,T.West,BAL,RB,00-0031375
2016,pre,Terrance Williams,T.Williams,DAL,WR,00-0030542
2016,pre,Terrell Sinkfield,T.Sinkfield,MIN,WR,00-0029981
2016,pre,Terrelle Pryor,T.Pryor,CLE,WR,00-0028825
2016,pre,Terron Ward,T.Ward,ATL,RB,00-0031682
2016,pre,Terry Williams,T.Williams,NYJ,RB,00-0033160
2016,pre,Tevaun Smith,T.Smith,IND,WR,00-0032358
2016,pre,Tevin Coleman,T.Coleman,ATL,RB,00-0032058
2016,pre,Tevin Jones,T.Jones,HOU,WR,00-0032728
2016,pre,Tevin Westbrook,T.Westbrook,TB,TE,00-0032185
2016,pre,Thad Lewis,T.Lewis,SF,QB,00-0027253
2016,pre,Theo Riddick,T.Riddick,DET,RB,00-0030107
2016,pre,Thomas Duarte,T.Duarte,MIA,TE,00-0033061
2016,pre,Thomas Rawls,T.Rawls,SEA,RB,00-0031897
2016,pre,Tim Hightower,T.Hightower,NO,RB,00-0026289
2016,pre,Tim Semisch,T.Semisch,SD,TE,00-0032006
2016,pre,Todd Gurley,T.Gurley,LA,RB,00-0032241
2016,pre,Tom Brady,T.Brady,NE,QB,00-0019596
2016,pre,Tom Savage,T.Savage,HOU,QB,00-0031064
2016,pre,Tommy Bohanon,T.Bohanon,NYJ,FB,00-0030112
2016,pre,Tommylee Lewis,T.Lewis,NO,WR,00-0032881
2016,pre,Tony Moeaki,T.Moeaki,CHI,TE,00-0027695
2016,pre,Tony Romo,T.Romo,DAL,QB,00-0021678
2016,pre,Tony Washington,T.Washington,JAX,WR,00-0030856
2016,pre,Torrence Allen,T.Allen,SD,WR,00-0030914
2016,pre,Torrey Smith,T.Smith,SF,WR,00-0027996
2016,pre,Tra Carson,T.Carson,CIN,RB,00-0032540
2016,pre,Travaris Cadet,T.Cadet,NO,RB,00-0029205
2016,pre,Travis Benjamin,T.Benjamin,SD,WR,00-0029269
2016,pre,Travis Kelce,T.Kelce,KC,TE,00-0030506
2016,pre,Tre McBride,T.McBride,TEN,WR,00-0032123
2016,pre,Trevone Boykin,T.Boykin,SEA,QB,00-0032462
2016,pre,Trevor Davis,T.Davis,GB,WR,00-0032423
2016,pre,Trevor Graham,T.Graham,PHI,WR,00-0029660
2016,pre,Trevor Siemian,T.Siemian,DEN,QB,00-0032156
2016,pre,Trey Burton,T.Burton,PHI,TE,00-0030710
2016,pre,Trey Williams,T.Williams,IND,RB,00-0031531
2016,pre,Troy Niklas,T.Niklas,ARI,TE,00-0031044
2016,pre,Troy Stoudermire,T.Stoudermire,MIN,WR,00-0029818
2016,pre,Tyler Boyd,T.Boyd,CIN,WR,00-0033009
2016,pre,Tyler Bray,T.Bray,KC,QB,00-0030151
2016,pre,Tyler Ervin,T.Ervin,HOU,RB,00-0032404
2016,pre,Tyler Gaffney,T.Gaffney,NE,RB,00-0031190
2016,pre,Tyler Higbee,T.Higbee,LA,TE,00-0033110
2016,pre,Tyler Lockett,T.Lockett,SEA,WR,00-0032211
2016,pre,Tyreek Hill,T.Hill,KC,WR,00-0033040
2016,pre,Tyrell Williams,T.Williams,SD,WR,00-0032160
2016,pre,Tyrod Taylor,T.Taylor,BUF,QB,00-0028118
2016,pre,Uzoma Nwachukwu,U.Nwachukwu,SEA,WR,00-0030240
2016,pre,Valdez Showers,V.Showers,WAS,WR,00-0032372
2016,pre,Vance McDonald,V.McDonald,SF,TE,00-0030470
2016,pre,Vernon Davis,V.Davis,WAS,TE,00-0024221
2016,pre,Victor Cruz,V.Cruz,NYG,WR,00-0027265
2016,pre,Vincent Jackson,V.Jackson,TB,WR,00-0023496
2016,pre,Virgil Green,V.Green,DEN,TE,00-0028142
2016,pre,Walt Powell,W.Powell,BUF,WR,00-0031268
2016,pre,Wendell Smallwood,W.Smallwood,PHI,RB,00-0032782
2016,pre,Will Fuller,W.Fuller,HOU,WR,00-0033127
2016,pre,Will Tye,W.Tye,NYG,TE,00-0032004
2016,pre,Willie Snead,W.Snead,NO,WR,00-0030663
2016,pre,Xavier Grimble,X.Grimble,PIT,TE,00-0031035
2016,pre,Xavier Rush,X.Rush,PHI,WR,00-0032334
2016,pre,Zach Ertz,Z.Ertz,PHI,TE,00-0030061
2016,pre,Zach Line,Z.Line,MIN,FB,00-0029931
2016,pre,Zach Sudfeld,Z.Sudfeld,NYJ,TE,00-0029999
2016,pre,Zach Zenner,Z.Zenner,DET,FB,00-0031665
