season,season_type,full_player_name,abbr_player_name,team,position,gsis_id
2018,pre,A.J. Derby,A.Derby,MIA,TE,00-0031609
2018,pre,A.J. Green,A.Green,CIN,WR,00-0027942
2018,pre,Aaron Burbridge,A.Burbridge,SF,WR,00-0032441
2018,pre,Aaron Jones,A.Jones,GB,RB,00-0033293
2018,pre,Aaron Rodgers,A.Rodgers,GB,QB,00-0023459
2018,pre,Adam Humphries,A.Humphries,TB,WR,00-0032009
2018,pre,Adam Shaheen,A.Shaheen,CHI,TE,00-0033896
2018,pre,Adam Thielen,A.Thielen,MIN,WR,00-0030035
2018,pre,Adonis Jennings,A.Jennings,GB,WR,00-0034859
2018,pre,Adrian Peterson,A.Peterson,WAS,RB,00-0025394
2018,pre,Akeem Judd,A.Judd,GB,RB,00-0033800
2018,pre,Akrum Wadley,A.Wadley,TEN,RB,00-0034670
2018,pre,Alan Cross,A.Cross,TB,TE,00-0032745
2018,pre,Albert Wilson,A.Wilson,MIA,WR,00-0030669
2018,pre,Alec Bloom,A.Bloom,ARI,TE,00-0034472
2018,pre,Alex Armah,A.Armah,CAR,FB,00-0033296
2018,pre,Alex Collins,A.Collins,BAL,RB,00-0032426
2018,pre,Alex Ellis,A.Ellis,KC,TE,00-0032864
2018,pre,Alex Erickson,A.Erickson,CIN,WR,00-0032543
2018,pre,Alex Gray,A.Gray,ATL,TE,00-0034010
2018,pre,Alex McGough,A.McGough,SEA,QB,00-0034732
2018,pre,Alex Smith,A.Smith,WAS,QB,00-0023436
2018,pre,Alex Tanney,A.Tanney,NYG,QB,00-0029623
2018,pre,Alfred Blue,A.Blue,HOU,RB,00-0031075
2018,pre,Alfred Morris,A.Morris,SF,RB,00-0029141
2018,pre,Allen Hurns,A.Hurns,DAL,WR,00-0030821
2018,pre,Allen Lazard,A.Lazard,JAX,WR,00-0034521
2018,pre,Alonzo Russell,A.Russell,NYG,WR,00-0032550
2018,pre,Alvin Kamara,A.Kamara,NO,RB,00-0033906
2018,pre,Amari Cooper,A.Cooper,OAK,WR,00-0031544
2018,pre,Amba Etta-Tawo,A.Etta-Tawo,NYG,WR,00-0033687
2018,pre,Ameer Abdullah,A.Abdullah,DET,RB,00-0032104
2018,pre,Andre Holmes,A.Holmes,BUF,WR,00-0028263
2018,pre,Andre Levrone,A.Levrone,BAL,WR,00-0034196
2018,pre,Andre Patton,A.Patton,LAC,WR,00-0033705
2018,pre,Andre Roberts,A.Roberts,NYJ,WR,00-0027691
2018,pre,Andrew Luck,A.Luck,IND,QB,00-0029668
2018,pre,Andrew Vollert,A.Vollert,ARI,TE,00-0034491
2018,pre,Andy Dalton,A.Dalton,CIN,QB,00-0027973
2018,pre,Anthony Denham,A.Denham,PHI,TE,00-0031140
2018,pre,Anthony Firkser,A.Firkser,TEN,TE,00-0033455
2018,pre,Anthony Mahoungou,A.Mahoungou,PHI,WR,00-0034462
2018,pre,Anthony Miller,A.Miller,CHI,WR,00-0034353
2018,pre,Antonio Callaway,A.Callaway,CLE,WR,00-0034772
2018,pre,Antony Auclair,A.Auclair,TB,TE,00-0033421
2018,pre,ArDarius Stewart,A.Stewart,NYJ,WR,00-0033916
2018,pre,Artavis Scott,A.Scott,LAC,WR,00-0033706
2018,pre,Auden Tate,A.Tate,CIN,WR,00-0034686
2018,pre,Austin Allen,A.Allen,TB,QB,00-0034608
2018,pre,Austin Carr,A.Carr,NO,WR,00-0033382
2018,pre,Austin Duke,A.Duke,CAR,WR,00-0033409
2018,pre,Austin Ekeler,A.Ekeler,LAC,RB,00-0033699
2018,pre,Austin Hooper,A.Hooper,ATL,TE,00-0032392
2018,pre,Austin Seferian-Jenkins,A.Seferian-Jenkins,JAX,TE,00-0031418
2018,pre,Austin Traylor,A.Traylor,DEN,TE,00-0033043
2018,pre,Baker Mayfield,B.Mayfield,CLE,QB,00-0034855
2018,pre,Ben Braunecker,B.Braunecker,CHI,TE,00-0032661
2018,pre,Ben Johnson,B.Johnson,LAC,TE,00-0034557
2018,pre,Ben Koyack,B.Koyack,JAX,TE,00-0032139
2018,pre,Ben Roethlisberger,B.Roethlisberger,PIT,QB,00-0022924
2018,pre,Benjamin Watson,B.Watson,NO,TE,00-0022943
2018,pre,Benny Cunningham,B.Cunningham,CHI,RB,00-0029795
2018,pre,Bilal Powell,B.Powell,NYJ,RB,00-0028064
2018,pre,Billy Brown,B.Brown,PHI,TE,00-0033735
2018,pre,Blaine Gabbert,B.Gabbert,TEN,QB,00-0027948
2018,pre,Blake Bortles,B.Bortles,JAX,QB,00-0031407
2018,pre,Blake Jackson,B.Jackson,CLE,WR,00-0034864
2018,pre,Blake Jarwin,B.Jarwin,DAL,TE,00-0033658
2018,pre,Blake Mack,B.Mack,KC,TE,00-0034292
2018,pre,Bo Scarbrough,B.Scarbrough,DAL,RB,00-0034432
2018,pre,Bobo Wilson,B.Wilson,TB,WR,00-0033434
2018,pre,Boston Scott,B.Scott,NO,RB,00-0034414
2018,pre,Brad Kaaya,B.Kaaya,IND,QB,00-0033585
2018,pre,Bradley Marquez,B.Marquez,DET,WR,00-0031818
2018,pre,Braedon Bowman,B.Bowman,LAC,TE,00-0032515
2018,pre,Branden Oliver,B.Oliver,IND,RB,00-0031277
2018,pre,Brandon Allen,B.Allen,LA,QB,00-0032434
2018,pre,Brandon Marshall,B.Marshall,SEA,WR,00-0024334
2018,pre,Brandon Powell,B.Powell,DET,WR,00-0034646
2018,pre,Brandon Radcliff,B.Radcliff,MIA,RB,00-0033268
2018,pre,Brandon Shippen,B.Shippen,TEN,WR,00-0032625
2018,pre,Brandon Weeden,B.Weeden,HOU,QB,00-0029677
2018,pre,Brandon Wilds,B.Wilds,JAX,RB,00-0032593
2018,pre,Brandon Zylstra,B.Zylstra,MIN,WR,00-0034052
2018,pre,Braxton Berrios,B.Berrios,NE,WR,00-0034419
2018,pre,Brian Brown,B.Brown,DET,WR,00-0033655
2018,pre,Brian Hoyer,B.Hoyer,NE,QB,00-0026625
2018,pre,Brian Parker,B.Parker,DEN,TE,00-0032089
2018,pre,Brian Quick,B.Quick,WAS,WR,00-0029640
2018,pre,Brock Osweiler,B.Osweiler,MIA,QB,00-0029682
2018,pre,Brogan Roback,B.Roback,CLE,QB,00-0034697
2018,pre,Bronson Hill,B.Hill,GB,RB,00-0032298
2018,pre,Bruce Ellington,B.Ellington,HOU,WR,00-0031326
2018,pre,Bryce Petty,B.Petty,MIA,QB,00-0031568
2018,pre,Bryce Treggs,B.Treggs,PHI,WR,00-0032724
2018,pre,Bryce Williams,B.Williams,ARI,TE,00-0032583
2018,pre,Bug Howard,B.Howard,CAR,WR,00-0033261
2018,pre,Byron Marshall,B.Marshall,WAS,RB,00-0032964
2018,pre,Byron Pringle,B.Pringle,KC,WR,00-0034297
2018,pre,C.J. Anderson,C.Anderson,CAR,RB,00-0029854
2018,pre,C.J. Beathard,C.Beathard,SF,QB,00-0033936
2018,pre,C.J. Board,C.Board,CLE,WR,00-0033367
2018,pre,C.J. Duncan,C.Duncan,ARI,WR,00-0034709
2018,pre,C.J. Prosise,C.Prosise,SEA,RB,00-0032393
2018,pre,C.J. Uzomah,C.Uzomah,CIN,TE,00-0032134
2018,pre,Caleb Scott,C.Scott,SEA,WR,00-0034243
2018,pre,Calvin Ridley,C.Ridley,ATL,WR,00-0034837
2018,pre,Cam Newton,C.Newton,CAR,QB,00-0027939
2018,pre,Cam Phillips,C.Phillips,BUF,WR,00-0034512
2018,pre,Cam Serigne,C.Serigne,CAR,TE,00-0034863
2018,pre,Cam Sims,C.Sims,WAS,WR,00-0034104
2018,pre,Cameron Artis-Payne,C.Artis-Payne,CAR,RB,00-0031599
2018,pre,Cameron Batson,C.Batson,TEN,WR,00-0034652
2018,pre,Cameron Brate,C.Brate,TB,TE,00-0031273
2018,pre,Cameron Meredith,C.Meredith,NO,WR,00-0031912
2018,pre,Cardale Jones,C.Jones,LAC,QB,00-0033098
2018,pre,Carlos Hyde,C.Hyde,CLE,RB,00-0031045
2018,pre,Carlton Agudosi,C.Agudosi,ARI,WR,00-0033599
2018,pre,Case Keenum,C.Keenum,DEN,QB,00-0028986
2018,pre,Cayleb Jones,C.Jones,MIN,WR,00-0032963
2018,pre,Chad Beebe,C.Beebe,MIN,WR,00-0034309
2018,pre,Chad Henne,C.Henne,KC,QB,00-0026197
2018,pre,Chad Kanoff,C.Kanoff,ARI,QB,00-0034478
2018,pre,Chad Kelly,C.Kelly,DEN,QB,00-0033597
2018,pre,Chad Williams,C.Williams,ARI,WR,00-0033933
2018,pre,Charles Clay,C.Clay,BUF,TE,00-0028112
2018,pre,Charles D. Johnson,C.Johnson,NYJ,WR,00-0030113
2018,pre,Charles Sims,C.Sims,TB,RB,00-0031390
2018,pre,Charone Peake,C.Peake,NYJ,WR,00-0032959
2018,pre,Chase Daniel,C.Daniel,CHI,QB,00-0026544
2018,pre,Chase Edmonds,C.Edmonds,ARI,RB,00-0034681
2018,pre,Chase Litton,C.Litton,KC,QB,00-0034291
2018,pre,Chester Rogers,C.Rogers,IND,WR,00-0032355
2018,pre,Chris Carson,C.Carson,SEA,RB,00-0033594
2018,pre,Chris Conley,C.Conley,KC,WR,00-0032128
2018,pre,Chris Godwin,C.Godwin,TB,WR,00-0033921
2018,pre,Chris Herndon,C.Herndon,NYJ,TE,00-0034766
2018,pre,Chris Hogan,C.Hogan,NE,WR,00-0028237
2018,pre,Chris Ivory,C.Ivory,BUF,RB,00-0027531
2018,pre,Chris Lacy,C.Lacy,DET,WR,00-0034593
2018,pre,Chris Moore,C.Moore,BAL,WR,00-0032398
2018,pre,Chris Warren,C.Warren,OAK,RB,00-0034315
2018,pre,Christian Blake,C.Blake,ATL,WR,00-0034132
2018,pre,Christian Kirk,C.Kirk,ARI,WR,00-0034775
2018,pre,Christian McCaffrey,C.McCaffrey,CAR,RB,00-0033280
2018,pre,Christian Scotland-Williamson,C.Scotland-Williamson,PIT,TE,00-0034340
2018,pre,Christine Michael,C.Michael,IND,RB,00-0030432
2018,pre,Clayton Wilson,C.Wilson,SEA,TE,00-0034716
2018,pre,Cobi Hamilton,C.Hamilton,IND,WR,00-0030290
2018,pre,Codey McElroy,C.McElroy,LA,TE,00-0034735
2018,pre,Cody Kessler,C.Kessler,JAX,QB,00-0033104
2018,pre,Cody Latimer,C.Latimer,NYG,WR,00-0031344
2018,pre,Colby Pearson,C.Pearson,ATL,WR,00-0033983
2018,pre,Cole Beasley,C.Beasley,DAL,WR,00-0029000
2018,pre,Cole Wick,C.Wick,SF,TE,00-0032562
2018,pre,Colin Thompson,C.Thompson,CHI,TE,00-0033720
2018,pre,Colt McCoy,C.McCoy,WAS,QB,00-0027688
2018,pre,Cooper Rush,C.Rush,DAL,QB,00-0033662
2018,pre,Cordarrelle Patterson,C.Patterson,NE,WR,00-0030578
2018,pre,Corey Clement,C.Clement,PHI,RB,00-0033725
2018,pre,Corey Davis,C.Davis,TEN,WR,00-0033871
2018,pre,Corey Grant,C.Grant,JAX,RB,00-0031731
2018,pre,Corey Willis,C.Willis,ARI,WR,00-0034493
2018,pre,Courtland Sutton,C.Sutton,DEN,WR,00-0034348
2018,pre,Curtis Samuel,C.Samuel,CAR,WR,00-0033282
2018,pre,D.J. Chark,D.Chark,JAX,WR,00-0034777
2018,pre,D.J. Foster,D.Foster,ARI,RB,00-0032577
2018,pre,D.J. Moore,D.Moore,CAR,WR,00-0034827
2018,pre,Da'Mari Scott,D.Scott,CLE,WR,00-0034256
2018,pre,DaeSean Hamilton,D.Hamilton,DEN,WR,00-0034370
2018,pre,Dak Prescott,D.Prescott,DAL,QB,00-0033077
2018,pre,Dallas Goedert,D.Goedert,PHI,TE,00-0034351
2018,pre,Dalton Schultz,D.Schultz,DAL,TE,00-0034383
2018,pre,Dalvin Cook,D.Cook,MIN,RB,00-0033893
2018,pre,Dalyn Dawkins,D.Dawkins,TEN,RB,00-0034654
2018,pre,Damien Williams,D.Williams,KC,RB,00-0030874
2018,pre,Damiere Byrd,D.Byrd,CAR,WR,00-0031868
2018,pre,Damion Ratley,D.Ratley,CLE,WR,00-0034273
2018,pre,Damore'ea Stringfellow,D.Stringfellow,SEA,WR,00-0033417
2018,pre,Dan Arnold,D.Arnold,NO,TE,00-0034011
2018,pre,Daniel Brown,D.Brown,CHI,TE,00-0032098
2018,pre,Danny Amendola,D.Amendola,MIA,WR,00-0026035
2018,pre,Danny Etling,D.Etling,NE,QB,00-0034423
2018,pre,Dante Pettis,D.Pettis,SF,WR,00-0034860
2018,pre,Dare Ogunbowale,D.Ogunbowale,TB,RB,00-0033854
2018,pre,Darius Jennings,D.Jennings,TEN,WR,00-0031972
2018,pre,Darius Victor,D.Victor,ARI,RB,00-0034007
2018,pre,Darrel Williams,D.Williams,KC,RB,00-0034301
2018,pre,Darren Carrington,D.Carrington,DAL,WR,00-0034888
2018,pre,Darren Fells,D.Fells,CLE,TE,00-0029738
2018,pre,Darren Waller,D.Waller,BAL,WR,00-0031610
2018,pre,Darrius Heyward-Bey,D.Heyward-Bey,PIT,WR,00-0026983
2018,pre,Darvin Kidsy,D.Kidsy,WAS,WR,00-0034710
2018,pre,Daurice Fountain,D.Fountain,IND,WR,00-0034395
2018,pre,Davante Adams,D.Adams,GB,WR,00-0031381
2018,pre,Dave Williams,D.Williams,DEN,RB,00-0034427
2018,pre,David Fales,D.Fales,MIA,QB,00-0031076
2018,pre,David Fluellen,D.Fluellen,TEN,RB,00-0030711
2018,pre,David Johnson,D.Johnson,ARI,RB,00-0032187
2018,pre,David Moore,D.Moore,SEA,WR,00-0033589
2018,pre,David Morgan,D.Morgan,MIN,TE,00-0032430
2018,pre,David Njoku,D.Njoku,CLE,TE,00-0033885
2018,pre,De'Anthony Thomas,D.Thomas,KC,WR,00-0031060
2018,pre,De'Lance Turner,D.Turner,BAL,RB,00-0034201
2018,pre,De'Veon Smith,D.Smith,WAS,RB,00-0033413
2018,pre,DeAndre Carter,D.Carter,PHI,WR,00-0031763
2018,pre,DeAndre Goolsby,D.Goolsby,JAX,TE,00-0034640
2018,pre,DeAndre Hopkins,D.Hopkins,HOU,WR,00-0030564
2018,pre,DeAndre Smelter,D.Smelter,JAX,WR,00-0032064
2018,pre,DeAndre Washington,D.Washington,OAK,RB,00-0032940
2018,pre,DeAngelo Yancey,D.Yancey,GB,WR,00-0033291
2018,pre,Dede Westbrook,D.Westbrook,JAX,WR,00-0033839
2018,pre,DeMarcus Ayers,D.Ayers,CHI,WR,00-0032365
2018,pre,Demarcus Robinson,D.Robinson,KC,WR,00-0032775
2018,pre,Demaryius Thomas,D.Thomas,DEN,WR,00-0027874
2018,pre,Demetrius Harris,D.Harris,KC,TE,00-0030155
2018,pre,Deon Cain,D.Cain,IND,WR,00-0034406
2018,pre,Deon Yelder,D.Yelder,NO,TE,00-0034319
2018,pre,Derek Carr,D.Carr,OAK,QB,00-0031280
2018,pre,Derek Watt,D.Watt,LAC,FB,00-0032897
2018,pre,Derrick Coleman,D.Coleman,ARI,FB,00-0029068
2018,pre,Derrick Henry,D.Henry,TEN,RB,00-0032764
2018,pre,Derrick Willies,D.Willies,CLE,WR,00-0034258
2018,pre,Derrius Guice,D.Guice,WAS,RB,00-0034358
2018,pre,DeSean Jackson,D.Jackson,TB,WR,00-0026189
2018,pre,Deshaun Watson,D.Watson,HOU,QB,00-0033537
2018,pre,DeShone Kizer,D.Kizer,GB,QB,00-0033899
2018,pre,Detrez Newsome,D.Newsome,LAC,RB,00-0034565
2018,pre,DeVier Posey,D.Posey,BAL,WR,00-0029673
2018,pre,Devin Funchess,D.Funchess,CAR,WR,00-0032055
2018,pre,Devin Gray,D.Gray,ATL,WR,00-0034141
2018,pre,Devin Lucien,D.Lucien,NE,WR,00-0032447
2018,pre,Devin Ross,D.Ross,TEN,WR,00-0034667
2018,pre,Devine Redding,D.Redding,TB,RB,00-0033515
2018,pre,Devon Cajuste,D.Cajuste,CLE,TE,00-0032716
2018,pre,Devontae Booker,D.Booker,DEN,RB,00-0032972
2018,pre,Devonte Boyd,D.Boyd,CIN,WR,00-0034528
2018,pre,Dion Lewis,D.Lewis,TEN,RB,00-0028087
2018,pre,Dion Sims,D.Sims,CHI,TE,00-0030422
2018,pre,Donte Moncrief,D.Moncrief,JAX,WR,00-0031339
2018,pre,Donteea Dye,D.Dye,TB,WR,00-0032008
2018,pre,Dontez Byrd,D.Byrd,ATL,WR,00-0034133
2018,pre,Dontez Ford,D.Ford,DET,WR,00-0033747
2018,pre,Dontrell Hilliard,D.Hilliard,CLE,RB,00-0034253
2018,pre,Doug Martin,D.Martin,OAK,RB,00-0029613
2018,pre,Drew Brees,D.Brees,NO,QB,00-0020531
2018,pre,Drew Morgan,D.Morgan,MIA,WR,00-0033407
2018,pre,Drew Stanton,D.Stanton,CLE,QB,00-0025430
2018,pre,Duke Johnson,D.Johnson,CLE,RB,00-0032257
2018,pre,Durham Smythe,D.Smythe,MIA,TE,00-0034798
2018,pre,Dwayne Harris,D.Harris,OAK,WR,00-0028114
2018,pre,EJ Manuel,E.Manuel,OAK,QB,00-0030526
2018,pre,Eli Manning,E.Manning,NYG,QB,00-0022803
2018,pre,Elijah Hood,E.Hood,CAR,RB,00-0033975
2018,pre,Elijhaa Penny,E.Penny,ARI,RB,00-0032813
2018,pre,Emanuel Byrd,E.Byrd,GB,TE,00-0033514
2018,pre,Emmanuel Sanders,E.Sanders,DEN,WR,00-0027685
2018,pre,Equanimeous St. Brown,E.Brown,GB,WR,00-0034279
2018,pre,Eric Decker,E.Decker,NE,WR,00-0027690
2018,pre,Eric Ebron,E.Ebron,IND,TE,00-0031387
2018,pre,Eric Saubert,E.Saubert,ATL,TE,00-0033576
2018,pre,Eric Tomlinson,E.Tomlinson,NYJ,TE,00-0031690
2018,pre,Erik Swoope,E.Swoope,IND,TE,00-0030854
2018,pre,Ervin Philips,E.Philips,TB,WR,00-0034618
2018,pre,Evan Engram,E.Engram,NYG,TE,00-0033881
2018,pre,Fitzgerald Toussaint,F.Toussaint,PIT,RB,00-0031332
2018,pre,Francis Owusu,F.Owusu,MIA,WR,00-0033411
2018,pre,Frank Gore,F.Gore,MIA,RB,00-0023500
2018,pre,Fred Brown,F.Brown,LA,WR,00-0033994
2018,pre,Freddie Martino,F.Martino,TB,WR,00-0030737
2018,pre,Gabe Holmes,G.Holmes,ARI,TE,00-0031884
2018,pre,Garrett Celek,G.Celek,SF,TE,00-0028903
2018,pre,Garrett Dickerson,G.Dickerson,NYG,TE,00-0034795
2018,pre,Garrett Gilbert,G.Gilbert,CAR,QB,00-0031395
2018,pre,Garrett Griffin,G.Griffin,NO,TE,00-0033095
2018,pre,Garrett Hudson,G.Hudson,WAS,TE,00-0034783
2018,pre,Garrett Johnson,G.Johnson,CHI,WR,00-0034592
2018,pre,Gavin Escobar,G.Escobar,MIA,TE,00-0030544
2018,pre,Gehrig Dieter,G.Dieter,KC,WR,00-0033474
2018,pre,Geno Smith,G.Smith,LAC,QB,00-0030565
2018,pre,Geoff Swaim,G.Swaim,DAL,TE,00-0032141
2018,pre,George Atkinson,G.Atkinson,NYJ,RB,00-0031158
2018,pre,George Kittle,G.Kittle,SF,TE,00-0033288
2018,pre,Gerald Holmes,G.Holmes,SEA,RB,00-0034883
2018,pre,Geremy Davis,G.Davis,LAC,WR,00-0031953
2018,pre,Geronimo Allison,G.Allison,GB,WR,00-0032626
2018,pre,Giovani Bernard,G.Bernard,CIN,RB,00-0030456
2018,pre,Golden Tate,G.Tate,DET,WR,00-0027891
2018,pre,Greg Little,G.Little,ARI,WR,00-0027997
2018,pre,Greg Olsen,G.Olsen,CAR,TE,00-0025418
2018,pre,Greg Ward,G.Ward,PHI,WR,00-0033733
2018,pre,Griff Whalen,G.Whalen,OAK,WR,00-0029033
2018,pre,Gus Edwards,G.Edwards,BAL,RB,00-0034184
2018,pre,Hakeem Valles,H.Valles,DET,TE,00-0032508
2018,pre,Hayden Hurst,H.Hurst,BAL,TE,00-0034830
2018,pre,Henry Krieger-Coble,H.Krieger-Coble,LA,TE,00-0032523
2018,pre,Ian Thomas,I.Thomas,CAR,TE,00-0034365
2018,pre,Isaiah Crowell,I.Crowell,NYJ,RB,00-0030656
2018,pre,Isaiah Ford,I.Ford,MIA,WR,00-0033471
2018,pre,Isaiah McKenzie,I.McKenzie,DEN,WR,00-0033466
2018,pre,Ito Smith,I.Smith,ATL,RB,00-0034378
2018,pre,J.D. McKissic,J.McKissic,SEA,RB,00-0032602
2018,pre,J.J. Jones,J.Jones,LAC,WR,00-0034560
2018,pre,J.J. Nelson,J.Nelson,ARI,WR,00-0032112
2018,pre,J.P. Holtz,J.Holtz,WAS,TE,00-0032986
2018,pre,J.T. Barrett,J.Barrett,NO,QB,00-0034126
2018,pre,J'Mon Moore,J.Moore,GB,WR,00-0034268
2018,pre,Jace Amaro,J.Amaro,KC,TE,00-0031042
2018,pre,Jack Doyle,J.Doyle,IND,TE,00-0030181
2018,pre,Jack Heneghan,J.Heneghan,SF,QB,00-0034074
2018,pre,Jacob Hollister,J.Hollister,NE,TE,00-0033387
2018,pre,Jacoby Brissett,J.Brissett,IND,QB,00-0033119
2018,pre,Jacquizz Rodgers,J.Rodgers,TB,RB,00-0028083
2018,pre,Jaeden Graham,J.Graham,ATL,TE,00-0034788
2018,pre,Jake Butt,J.Butt,DEN,TE,00-0033564
2018,pre,Jake Kumerow,J.Kumerow,GB,WR,00-0031787
2018,pre,Jake Lampman,J.Lampman,TB,WR,00-0033021
2018,pre,Jake Rudock,J.Rudock,DET,QB,00-0032431
2018,pre,Jake Wieneke,J.Wieneke,MIN,WR,00-0034222
2018,pre,Jakeem Grant,J.Grant,MIA,WR,00-0032791
2018,pre,Jaleel Scott,J.Scott,BAL,WR,00-0034267
2018,pre,Jalen Richard,J.Richard,OAK,RB,00-0033025
2018,pre,Jalen Tolliver,J.Tolliver,ARI,WR,00-0034489
2018,pre,Jamaal Jones,J.Jones,CAR,WR,00-0033003
2018,pre,Jamaal Williams,J.Williams,GB,RB,00-0033948
2018,pre,Jameis Winston,J.Winston,TB,QB,00-0031503
2018,pre,James Butler,J.Butler,OAK,RB,00-0034870
2018,pre,James Conner,J.Conner,PIT,RB,00-0033553
2018,pre,James O'Shaughnessy,J.O'Shaughnessy,JAX,TE,00-0031951
2018,pre,James Summers,J.Summers,PIT,RB,00-0033613
2018,pre,James Washington,J.Washington,PIT,WR,00-0034676
2018,pre,James White,J.White,NE,RB,00-0031062
2018,pre,Janarion Grant,J.Grant,BAL,WR,00-0034307
2018,pre,Jared Cook,J.Cook,OAK,TE,00-0027061
2018,pre,Jared Murphy,J.Murphy,CIN,WR,00-0034862
2018,pre,Jarius Wright,J.Wright,CAR,WR,00-0029572
2018,pre,Jaron Brown,J.Brown,SEA,WR,00-0030300
2018,pre,Jarveon Williams,J.Williams,CIN,RB,00-0033348
2018,pre,Jarvion Franklin,J.Franklin,PIT,RB,00-0034205
2018,pre,Jarvis Landry,J.Landry,CLE,WR,00-0031382
2018,pre,Jason Croom,J.Croom,BUF,TE,00-0033627
2018,pre,Jason Reese,J.Reese,TB,TE,00-0034619
2018,pre,Jason Vander Laan,J.Laan,CAR,TE,00-0032689
2018,pre,Javon Wims,J.Wims,CHI,WR,00-0034426
2018,pre,Javorius Allen,J.Allen,BAL,RB,00-0031577
2018,pre,Jawill Davis,J.Davis,NYG,WR,00-0034499
2018,pre,Jay Ajayi,J.Ajayi,PHI,RB,00-0031590
2018,pre,Jaydon Mickens,J.Mickens,JAX,WR,00-0033006
2018,pre,Jaylen Samuels,J.Samuels,PIT,RB,00-0034331
2018,pre,Jeff Badet,J.Badet,MIN,WR,00-0034207
2018,pre,Jeff Driskel,J.Driskel,CIN,QB,00-0032436
2018,pre,Jeff Heuerman,J.Heuerman,DEN,TE,00-0032227
2018,pre,Jeff Janis,J.Janis,CLE,WR,00-0031001
2018,pre,Jeff Wilson,J.Wilson,SF,RB,00-0034115
2018,pre,Jeremy Hill,J.Hill,NE,RB,00-0031301
2018,pre,Jeremy Kerley,J.Kerley,BUF,WR,00-0028091
2018,pre,Jeremy Sprinkle,J.Sprinkle,WAS,TE,00-0033528
2018,pre,Jerick McKinnon,J.McKinnon,SF,RB,00-0031376
2018,pre,Jermaine Kearse,J.Kearse,NYJ,WR,00-0029159
2018,pre,Jesse James,J.James,PIT,TE,00-0032135
2018,pre,Jester Weah,J.Weah,HOU,WR,00-0034633
2018,pre,Jhurrell Pressley,J.Pressley,NYG,RB,00-0032611
2018,pre,Jimmy Garoppolo,J.Garoppolo,SF,QB,00-0031345
2018,pre,Jimmy Graham,J.Graham,GB,TE,00-0027696
2018,pre,Joe Callahan,J.Callahan,PHI,QB,00-0032630
2018,pre,Joe Flacco,J.Flacco,BAL,QB,00-0026158
2018,pre,Joe Mixon,J.Mixon,CIN,RB,00-0033897
2018,pre,Joe Webb,J.Webb,HOU,QB,00-0027796
2018,pre,Joe Williams,J.Williams,SF,RB,00-0033286
2018,pre,Joel Bouagnon,J.Bouagnon,GB,RB,00-0033630
2018,pre,John Brown,J.Brown,BAL,WR,00-0031051
2018,pre,John Diarse,J.Diarse,DEN,WR,00-0034106
2018,pre,John Kelly,J.Kelly,LA,RB,00-0034808
2018,pre,John Ross,J.Ross,CIN,WR,00-0033460
2018,pre,John Wolford,J.Wolford,NYJ,QB,00-0034899
2018,pre,Johnny Holton,J.Holton,OAK,WR,00-0032935
2018,pre,Johnny Mundt,J.Mundt,LA,TE,00-0033246
2018,pre,JoJo Natson,J.Natson,LA,WR,00-0033266
2018,pre,Jonathan Stewart,J.Stewart,NYG,RB,00-0026153
2018,pre,Jonathan Williams,J.Williams,NO,RB,00-0032975
2018,pre,Jonnu Smith,J.Smith,TEN,TE,00-0033858
2018,pre,Jordan Akins,J.Akins,HOU,TE,00-0034364
2018,pre,Jordan Chunn,J.Chunn,DAL,RB,00-0034551
2018,pre,Jordan Franks,J.Franks,CIN,TE,00-0034532
2018,pre,Jordan Howard,J.Howard,CHI,RB,00-0032780
2018,pre,Jordan Lasley,J.Lasley,BAL,WR,00-0034271
2018,pre,Jordan Leggett,J.Leggett,NYJ,TE,00-0033953
2018,pre,Jordan Leslie,J.Leslie,DEN,WR,00-0031801
2018,pre,Jordan Wilkins,J.Wilkins,IND,RB,00-0034400
2018,pre,Jordy Nelson,J.Nelson,OAK,WR,00-0026176
2018,pre,Josh Adams,J.Adams,PHI,RB,00-0034457
2018,pre,Josh Allen,J.Allen,BUF,QB,00-0034857
2018,pre,Josh Bellamy,J.Bellamy,CHI,WR,00-0029319
2018,pre,Josh Crockett,J.Crockett,KC,WR,00-0034819
2018,pre,Josh Doctson,J.Doctson,WAS,WR,00-0032760
2018,pre,Josh Ferguson,J.Ferguson,IND,RB,00-0032377
2018,pre,Josh Hill,J.Hill,NO,TE,00-0030216
2018,pre,Josh Huff,J.Huff,NO,WR,00-0030990
2018,pre,Josh Malone,J.Malone,CIN,WR,00-0033859
2018,pre,Josh McCown,J.McCown,NYJ,QB,00-0021206
2018,pre,Josh Perkins,J.Perkins,PHI,TE,00-0032599
2018,pre,Josh Reynolds,J.Reynolds,LA,WR,00-0033943
2018,pre,Josh Rosen,J.Rosen,ARI,QB,00-0034343
2018,pre,Josh Woodrum,J.Woodrum,BAL,QB,00-0032658
2018,pre,Joshua Dobbs,J.Dobbs,PIT,QB,00-0033949
2018,pre,Josiah Price,J.Price,MIN,TE,00-0033332
2018,pre,JuJu Smith-Schuster,J.Smith-Schuster,PIT,WR,00-0033857
2018,pre,Julian Edelman,J.Edelman,NE,WR,00-0027150
2018,pre,Julian Williams,J.Williams,ATL,WR,00-0034894
2018,pre,Justice Liggins,J.Liggins,LAC,WR,00-0034038
2018,pre,Justin Crawford,J.Crawford,ATL,RB,00-0034137
2018,pre,Justin Davis,J.Davis,LA,RB,00-0033760
2018,pre,Justin Hardy,J.Hardy,ATL,WR,00-0031570
2018,pre,Justin Hunter,J.Hunter,PIT,WR,00-0030521
2018,pre,Justin Jackson,J.Jackson,LAC,RB,00-0034440
2018,pre,Justin Watson,J.Watson,TB,WR,00-0034386
2018,pre,K.J. Maye,K.Maye,NE,WR,00-0032653
2018,pre,Ka'Raun White,K.White,CIN,WR,00-0034244
2018,pre,Kalen Ballage,K.Ballage,MIA,RB,00-0034799
2018,pre,Kamar Aiken,K.Aiken,PHI,WR,00-0028497
2018,pre,Kapri Bibbs,K.Bibbs,WAS,RB,00-0031102
2018,pre,Kareem Hunt,K.Hunt,KC,RB,00-0033923
2018,pre,Kasen Williams,K.Williams,IND,WR,00-0032250
2018,pre,Kayaune Ross,K.Ross,CIN,WR,00-0034761
2018,pre,KD Cannon,K.Cannon,DAL,WR,00-0033309
2018,pre,Keelan Cole,K.Cole,JAX,WR,00-0033681
2018,pre,Keenan Allen,K.Allen,LAC,WR,00-0030279
2018,pre,Keenan Reynolds,K.Reynolds,SEA,WR,00-0033078
2018,pre,Keith Ford,K.Ford,BUF,RB,00-0034509
2018,pre,Keith Kirkwood,K.Kirkwood,NO,WR,00-0034317
2018,pre,Keith Towbridge,K.Towbridge,BUF,TE,00-0033623
2018,pre,Kelvin Benjamin,K.Benjamin,BUF,WR,00-0031359
2018,pre,Kendal Thompson,K.Thompson,LA,WR,00-0033143
2018,pre,Kendrick Bourne,K.Bourne,SF,WR,00-0033307
2018,pre,Kenneth Dixon,K.Dixon,BAL,RB,00-0032411
2018,pre,Kenneth Farrow,K.Farrow,NE,RB,00-0032902
2018,pre,Kenny Golladay,K.Golladay,DET,WR,00-0033932
2018,pre,Kenny Stills,K.Stills,MIA,WR,00-0030085
2018,pre,Kenyan Drake,K.Drake,MIA,RB,00-0033118
2018,pre,Keon Hatcher,K.Hatcher,OAK,WR,00-0033441
2018,pre,Kermit Whitfield,K.Whitfield,CIN,WR,00-0033641
2018,pre,Kerryon Johnson,K.Johnson,DET,RB,00-0034349
2018,pre,Kerwynn Williams,K.Williams,KC,RB,00-0030117
2018,pre,Kevin Rader,K.Rader,GB,TE,00-0034193
2018,pre,Kevin White,K.White,CHI,WR,00-0031545
2018,pre,KhaDarel Hodge,K.Hodge,LA,WR,00-0034854
2018,pre,Khari Lee,K.Lee,BUF,TE,00-0031922
2018,pre,Kirk Cousins,K.Cousins,MIN,QB,00-0029604
2018,pre,Knile Davis,K.Davis,CHI,RB,00-0030280
2018,pre,Kobe McCrary,K.McCrary,MIN,RB,00-0034893
2018,pre,Korey Robertson,K.Robertson,MIN,WR,00-0034220
2018,pre,Krishawn Hogan,K.Hogan,IND,WR,00-0033604
2018,pre,Kurt Benkert,K.Benkert,ATL,QB,00-0034131
2018,pre,Kyle Allen,K.Allen,CAR,QB,00-0034577
2018,pre,Kyle Lauletta,K.Lauletta,NYG,QB,00-0034369
2018,pre,Kyle Rudolph,K.Rudolph,MIN,TE,00-0027981
2018,pre,Kyle Sloter,K.Sloter,MIN,QB,00-0033672
2018,pre,Lamar Jackson,L.Jackson,BAL,QB,00-0034796
2018,pre,Lamar Jordan,L.Jordan,ATL,WR,00-0034144
2018,pre,Lamar Miller,L.Miller,HOU,RB,00-0029615
2018,pre,Lance Kendricks,L.Kendricks,GB,TE,00-0027985
2018,pre,Lance Lenoir,L.Lenoir,DAL,WR,00-0033992
2018,pre,Laquon Treadwell,L.Treadwell,MIN,WR,00-0032951
2018,pre,Larry Fitzgerald,L.Fitzgerald,ARI,WR,00-0022921
2018,pre,Larry Rose,L.Rose,LA,RB,00-0034666
2018,pre,Latavius Murray,L.Murray,MIN,RB,00-0030513
2018,pre,Lee Smith,L.Smith,OAK,TE,00-0028097
2018,pre,LeGarrette Blount,L.Blount,DET,RB,00-0027325
2018,pre,Leonard Fournette,L.Fournette,JAX,RB,00-0033856
2018,pre,Leonte Carroo,L.Carroo,MIA,WR,00-0033060
2018,pre,LeSean McCoy,L.McCoy,BUF,RB,00-0027029
2018,pre,LeShun Daniels,L.Daniels,GB,RB,00-0033384
2018,pre,Levine Toilolo,L.Toilolo,DET,TE,00-0030443
2018,pre,Logan Paulsen,L.Paulsen,ATL,TE,00-0027215
2018,pre,Logan Thomas,L.Thomas,BUF,TE,00-0031260
2018,pre,Luis Perez,L.Perez,LA,QB,00-0034737
2018,pre,Luke Willson,L.Willson,DET,TE,00-0030089
2018,pre,Mack Hollins,M.Hollins,PHI,WR,00-0033555
2018,pre,Malachi Jones,M.Jones,CHI,WR,00-0032604
2018,pre,Malcolm Brown,M.Brown,LA,RB,00-0031806
2018,pre,Malcolm Lewis,M.Lewis,MIA,WR,00-0033402
2018,pre,Malik Turner,M.Turner,SEA,WR,00-0034867
2018,pre,Malik Williams,M.Williams,ATL,RB,00-0034156
2018,pre,Manasseh Garner,M.Garner,WAS,TE,00-0031996
2018,pre,Marcedes Lewis,M.Lewis,GB,TE,00-0024243
2018,pre,Marcell Ateman,M.Ateman,OAK,WR,00-0034747
2018,pre,Marchie Murdock,M.Murdock,DAL,WR,00-0034561
2018,pre,Marcus Baugh,M.Baugh,OAK,TE,00-0034169
2018,pre,Marcus Kemp,M.Kemp,KC,WR,00-0033481
2018,pre,Marcus Mariota,M.Mariota,TEN,QB,00-0032268
2018,pre,Marcus Murphy,M.Murphy,BUF,RB,00-0031959
2018,pre,Marcus Tucker,M.Tucker,PIT,WR,00-0032832
2018,pre,Mark Andrews,M.Andrews,BAL,TE,00-0034753
2018,pre,Mark Chapman,M.Chapman,DEN,WR,00-0034861
2018,pre,Mark Ingram,M.Ingram,NO,RB,00-0027966
2018,pre,Mark Thompson,M.Thompson,BAL,RB,00-0034200
2018,pre,Mark Walton,M.Walton,CIN,RB,00-0034679
2018,pre,Markus Wheaton,M.Wheaton,PHI,WR,00-0030460
2018,pre,Marlon Brown,M.Brown,CHI,WR,00-0030400
2018,pre,Marlon Mack,M.Mack,IND,RB,00-0033951
2018,pre,Marqise Lee,M.Lee,JAX,WR,00-0031431
2018,pre,Marquez Valdes-Scantling,M.Valdes-Scantling,GB,WR,00-0034272
2018,pre,Marquis Bundy,M.Bundy,NYG,WR,00-0033087
2018,pre,Marquise Goodwin,M.Goodwin,SF,WR,00-0030068
2018,pre,Martavis Bryant,M.Bryant,OAK,WR,00-0031373
2018,pre,Marvin Bracy,M.Bracy,SEA,WR,00-0034025
2018,pre,Marvin Hall,M.Hall,ATL,WR,00-0033094
2018,pre,Marvin Jones,M.Jones,DET,WR,00-0029293
2018,pre,Mason Rudolph,M.Rudolph,PIT,QB,00-0034771
2018,pre,Mason Schreck,M.Schreck,CIN,TE,00-0033798
2018,pre,Matt Barkley,M.Barkley,CIN,QB,00-0030533
2018,pre,Matt Breida,M.Breida,SF,RB,00-0033308
2018,pre,Matt Cassel,M.Cassel,DET,QB,00-0023662
2018,pre,Matt Flanagan,M.Flanagan,WAS,TE,00-0034101
2018,pre,Matt Jones,M.Jones,PHI,RB,00-0031939
2018,pre,Matt LaCosse,M.LaCosse,DEN,TE,00-0031744
2018,pre,Matt Lengel,M.Lengel,HOU,TE,00-0031788
2018,pre,Matt McGloin,M.McGloin,KC,QB,00-0030419
2018,pre,Matt Ryan,M.Ryan,ATL,QB,00-0026143
2018,pre,Matt Schaub,M.Schaub,ATL,QB,00-0022787
2018,pre,Matthew Stafford,M.Stafford,DET,QB,00-0026498
2018,pre,Maurice Harris,M.Harris,WAS,WR,00-0032362
2018,pre,Maxx Williams,M.Williams,BAL,TE,00-0031558
2018,pre,Mekale McKay,M.McKay,DAL,WR,00-0032351
2018,pre,Melvin Gordon,M.Gordon,LAC,RB,00-0032144
2018,pre,Michael Crabtree,M.Crabtree,BAL,WR,00-0026986
2018,pre,Michael Gallup,M.Gallup,DAL,WR,00-0034764
2018,pre,Michael Roberts,M.Roberts,DET,TE,00-0033559
2018,pre,Michael Thomas,M.Thomas,NO,WR,00-0032765
2018,pre,Mike Boone,M.Boone,MIN,RB,00-0034208
2018,pre,Mike Davis,M.Davis,SEA,RB,00-0032063
2018,pre,Mike Evans,M.Evans,TB,WR,00-0031408
2018,pre,Mike Gesicki,M.Gesicki,MIA,TE,00-0034829
2018,pre,Mike Glennon,M.Glennon,ARI,QB,00-0030520
2018,pre,Mike Thomas,M.Thomas,LA,WR,00-0033114
2018,pre,Mike Wallace,M.Wallace,PHI,WR,00-0026901
2018,pre,Mike White,M.White,DAL,QB,00-0034401
2018,pre,Mike Williams,M.Williams,LAC,WR,00-0033536
2018,pre,Mitchell Trubisky,M.Trubisky,CHI,QB,00-0033869
2018,pre,Mohamed Sanu,M.Sanu,ATL,WR,00-0029632
2018,pre,Moritz Boehringer,M.Boehringer,CIN,TE,00-0032341
2018,pre,Mose Frazier,M.Frazier,CAR,WR,00-0032488
2018,pre,MyCole Pruitt,M.Pruitt,HOU,TE,00-0031585
2018,pre,Nate Sudfeld,N.Sudfeld,PHI,QB,00-0032792
2018,pre,Nathan Peterman,N.Peterman,BUF,QB,00-0033958
2018,pre,Neal Sterling,N.Sterling,NYJ,TE,00-0032120
2018,pre,Nelson Spruce,N.Spruce,LAC,WR,00-0032685
2018,pre,Nic Shimonek,N.Shimonek,LAC,QB,00-0034574
2018,pre,Nick Boyle,N.Boyle,BAL,TE,00-0031598
2018,pre,Nick Chubb,N.Chubb,CLE,RB,00-0034791
2018,pre,Nick Foles,N.Foles,PHI,QB,00-0029567
2018,pre,Nick Holley,N.Holley,LA,RB,00-0034733
2018,pre,Nick Keizer,N.Keizer,BAL,TE,00-0034192
2018,pre,Nick Mullens,N.Mullens,SF,QB,00-0033319
2018,pre,Nick Vannett,N.Vannett,SEA,TE,00-0032394
2018,pre,Nick Williams,N.Williams,TEN,WR,00-0029848
2018,pre,Niles Paul,N.Paul,JAX,TE,00-0028093
2018,pre,Nyheim Hines,N.Hines,IND,RB,00-0034367
2018,pre,O.J. Howard,O.Howard,TB,TE,00-0033879
2018,pre,Orson Charles,O.Charles,CLE,TE,00-0029414
2018,pre,Patrick Mahomes,P.Mahomes,KC,QB,00-0033873
2018,pre,Paul Butler,P.Butler,OAK,TE,00-0034313
2018,pre,Paul Richardson,P.Richardson,WAS,WR,00-0031257
2018,pre,Paul Turner,P.Turner,NE,WR,00-0032841
2018,pre,Paxton Lynch,P.Lynch,DEN,QB,00-0033108
2018,pre,Peter Pujals,P.Pujals,MIN,QB,00-0034219
2018,pre,Peyton Barber,P.Barber,TB,RB,00-0032741
2018,pre,Pharoh Cooper,P.Cooper,LA,WR,00-0033111
2018,pre,Philip Rivers,P.Rivers,LAC,QB,00-0022942
2018,pre,Phillip Dorsett,P.Dorsett,NE,WR,00-0032208
2018,pre,Phillip Lindsay,P.Lindsay,DEN,RB,00-0034109
2018,pre,Phillip Walker,P.Walker,IND,QB,00-0033275
2018,pre,Pierre Garcon,P.Garcon,SF,WR,00-0026345
2018,pre,Quan Bray,Q.Bray,HOU,WR,00-0031514
2018,pre,Quincy Enunwa,Q.Enunwa,NYJ,WR,00-0031023
2018,pre,Quinton Flowers,Q.Flowers,CIN,RB,00-0034531
2018,pre,Raheem Mostert,R.Mostert,SF,RB,00-0031687
2018,pre,Ralph Webb,R.Webb,NE,RB,00-0034596
2018,pre,Randall Cobb,R.Cobb,GB,WR,00-0028002
2018,pre,Rashaad Penny,R.Penny,SEA,RB,00-0034750
2018,pre,Rashad Greene,R.Greene,JAX,WR,00-0032170
2018,pre,Rashad Ross,R.Ross,ARI,WR,00-0030187
2018,pre,Rashard Davis,R.Davis,PHI,WR,00-0034034
2018,pre,Rashard Higgins,R.Higgins,CLE,WR,00-0032977
2018,pre,Rashawn Scott,R.Scott,MIA,WR,00-0032621
2018,pre,Rasheed Bailey,R.Bailey,CAR,WR,00-0031645
2018,pre,Ray Lawry,R.Lawry,CIN,RB,00-0034535
2018,pre,Ray Lawry,R.Lawry,KC,RB,00-0034535
2018,pre,Ray-Ray McCloud,R.McCloud,BUF,WR,00-0034407
2018,pre,Reggie Bonnafon,R.Bonnafon,CAR,RB,00-0034578
2018,pre,Rhett Ellison,R.Ellison,NYG,TE,00-0029587
2018,pre,Richard Rodgers,R.Rodgers,PHI,TE,00-0031384
2018,pre,Richie James,R.James,SF,WR,00-0034286
2018,pre,Ricky Jeune,R.Jeune,DAL,WR,00-0034083
2018,pre,Ricky Seals-Jones,R.Seals-Jones,ARI,TE,00-0033611
2018,pre,Rico Gathers,R.Gathers,DAL,TE,00-0033054
2018,pre,Riley McCarron,R.McCarron,NE,WR,00-0033773
2018,pre,River Cracraft,R.Cracraft,DEN,WR,00-0034054
2018,pre,Rob Gronkowski,R.Gronkowski,NE,TE,00-0027656
2018,pre,Rob Kelley,R.Kelley,WAS,RB,00-0032371
2018,pre,Robby Anderson,R.Anderson,NYJ,WR,00-0032688
2018,pre,Robert Davis,R.Davis,WAS,WR,00-0033530
2018,pre,Robert Foster,R.Foster,BUF,WR,00-0034510
2018,pre,Robert Griffin III,R.III,BAL,QB,00-0029665
2018,pre,Robert Martin,R.Martin,NYG,RB,00-0034708
2018,pre,Robert Tonyan,R.Tonyan,GB,TE,00-0033757
2018,pre,Robert Turbin,R.Turbin,IND,RB,00-0029273
2018,pre,Roc Thomas,R.Thomas,MIN,RB,00-0034221
2018,pre,Rod Smith,R.Smith,DAL,RB,00-0031900
2018,pre,Ronald Jones,R.Jones,TB,RB,00-0034816
2018,pre,Ross Dwelley,R.Dwelley,SF,TE,00-0034073
2018,pre,Ross Travis,R.Travis,IND,TE,00-0032319
2018,pre,Royce Freeman,R.Freeman,DEN,RB,00-0034838
2018,pre,Russell Gage,R.Gage,ATL,WR,00-0034411
2018,pre,Russell Shepard,R.Shepard,NYG,WR,00-0030147
2018,pre,Russell Wilson,R.Wilson,SEA,QB,00-0029263
2018,pre,Ryan Fitzpatrick,R.Fitzpatrick,TB,QB,00-0023682
2018,pre,Ryan Grant,R.Grant,IND,WR,00-0031068
2018,pre,Ryan Griffin,R.Griffin,HOU,TE,00-0030108
2018,pre,Ryan Griffin,R.Griffin,TB,QB,00-0029857
2018,pre,Ryan Izzo,R.Izzo,NE,TE,00-0034439
2018,pre,Ryan Nall,R.Nall,CHI,RB,00-0034597
2018,pre,Ryan O'Malley,R.O'Malley,NYG,TE,00-0032932
2018,pre,Ryan Smith,R.Smith,GB,TE,00-0034306
2018,pre,Ryan Tannehill,R.Tannehill,MIA,QB,00-0029701
2018,pre,Saeed Blacknall,S.Blacknall,OAK,WR,00-0034170
2018,pre,Sam Bradford,S.Bradford,ARI,QB,00-0027854
2018,pre,Sam Darnold,S.Darnold,NYJ,QB,00-0034869
2018,pre,Samaje Perine,S.Perine,WAS,RB,00-0033526
2018,pre,Sammie Coates,S.Coates,HOU,WR,00-0032166
2018,pre,Sammy Watkins,S.Watkins,KC,WR,00-0031325
2018,pre,Saquon Barkley,S.Barkley,NYG,RB,00-0034844
2018,pre,Scott Orndoff,S.Orndoff,JAX,TE,00-0033240
2018,pre,Scott Simonson,S.Simonson,NYG,TE,00-0031167
2018,pre,Sean Culkin,S.Culkin,LAC,TE,00-0033696
2018,pre,Sean Mannion,S.Mannion,LA,QB,00-0032245
2018,pre,Sean McGrath,S.McGrath,DET,TE,00-0029391
2018,pre,Seantavius Jones,S.Jones,IND,WR,00-0030807
2018,pre,Senorise Perry,S.Perry,MIA,RB,00-0031209
2018,pre,Sergio Bailey II,S.II,TB,WR,00-0034609
2018,pre,Seth Roberts,S.Roberts,OAK,WR,00-0031166
2018,pre,Shane Vereen,S.Vereen,NO,RB,00-0027994
2018,pre,Shaun Wilson,S.Wilson,TB,RB,00-0034621
2018,pre,Shelton Gibson,S.Gibson,PHI,WR,00-0033573
2018,pre,Sherman Badie,S.Badie,ARI,RB,00-0034786
2018,pre,Simmie Cobbs,S.Cobbs,WAS,WR,00-0034068
2018,pre,Spencer Ware,S.Ware,KC,RB,00-0030414
2018,pre,Stacy Coley,S.Coley,MIN,WR,00-0033968
2018,pre,Stefon Diggs,S.Diggs,MIN,WR,00-0031588
2018,pre,Stephen Baggett,S.Baggett,CLE,TE,00-0034494
2018,pre,Sterling Shepard,S.Shepard,NYG,WR,00-0032385
2018,pre,Stevan Ridley,S.Ridley,PIT,RB,00-0028011
2018,pre,Steve Ishmael,S.Ishmael,IND,WR,00-0034087
2018,pre,Steven Dunbar,S.Dunbar,SF,WR,00-0034072
2018,pre,Steven Mitchell,S.Mitchell,LA,WR,00-0034081
2018,pre,T.J. Jones,T.Jones,DET,WR,00-0031189
2018,pre,T.J. Logan,T.Logan,ARI,RB,00-0033789
2018,pre,T.J. Yeldon,T.Yeldon,JAX,RB,00-0032209
2018,pre,T.Y. Hilton,T.Hilton,IND,WR,00-0029608
2018,pre,Taj Williams,T.Williams,ATL,WR,00-0034245
2018,pre,Tajae Sharpe,T.Sharpe,TEN,WR,00-0032778
2018,pre,Tanner Gentry,T.Gentry,CHI,WR,00-0033633
2018,pre,Tanner Hudson,T.Hudson,TB,TE,00-0034613
2018,pre,Tanner Lee,T.Lee,JAX,QB,00-0034416
2018,pre,Taquan Mizzell,T.Mizzell,CHI,RB,00-0033373
2018,pre,Tavarres King,T.King,MIN,WR,00-0030091
2018,pre,Tavon Austin,T.Austin,DAL,WR,00-0030525
2018,pre,Taylor Gabriel,T.Gabriel,CHI,WR,00-0031228
2018,pre,Taylor Heinicke,T.Heinicke,CAR,QB,00-0031800
2018,pre,Taysom Hill,T.Hill,NO,QB,00-0033357
2018,pre,Taywan Taylor,T.Taylor,TEN,WR,00-0033911
2018,pre,Ted Ginn,T.Ginn,NO,WR,00-0025396
2018,pre,Temarrick Hemingway,T.Hemingway,LA,TE,00-0033112
2018,pre,Temuchin Hodges,T.Hodges,PIT,TE,00-0033966
2018,pre,Terrance West,T.West,NO,RB,00-0031375
2018,pre,Terrance Williams,T.Williams,DAL,WR,00-0030542
2018,pre,Terrell Watson,T.Watson,LAC,RB,00-0031793
2018,pre,Terrelle Pryor,T.Pryor,NYJ,WR,00-0028825
2018,pre,Terrence Magee,T.Magee,ATL,RB,00-0031768
2018,pre,Terry Swanson,T.Swanson,HOU,RB,00-0034632
2018,pre,Tevin Coleman,T.Coleman,ATL,RB,00-0032058
2018,pre,Tevin Jones,T.Jones,PIT,WR,00-0032728
2018,pre,Theo Riddick,T.Riddick,DET,RB,00-0030107
2018,pre,Tim Boyle,T.Boyle,GB,QB,00-0034177
2018,pre,Tim Cook,T.Cook,JAX,RB,00-0033683
2018,pre,Tim Patrick,T.Patrick,DEN,WR,00-0033375
2018,pre,Tim White,T.White,BAL,WR,00-0033379
2018,pre,Tim Wilson,T.Wilson,PHI,WR,00-0034703
2018,pre,Timothy Wright,T.Wright,KC,TE,00-0029910
2018,pre,Tom Brady,T.Brady,NE,QB,00-0019596
2018,pre,Tommylee Lewis,T.Lewis,NO,WR,00-0032881
2018,pre,Torrey Smith,T.Smith,CAR,WR,00-0027996
2018,pre,Tra Carson,T.Carson,CIN,RB,00-0032540
2018,pre,Travis Benjamin,T.Benjamin,LAC,WR,00-0029269
2018,pre,Travis Kelce,T.Kelce,KC,TE,00-0030506
2018,pre,Tre McBride,T.McBride,NYJ,WR,00-0032123
2018,pre,Tre'Quan Smith,T.Smith,NO,WR,00-0034765
2018,pre,Trent Sherfield,T.Sherfield,ARI,WR,00-0034487
2018,pre,Trent Taylor,T.Taylor,SF,WR,00-0033292
2018,pre,Trenton Cannon,T.Cannon,NYJ,RB,00-0034164
2018,pre,Trevor Davis,T.Davis,GB,WR,00-0032423
2018,pre,Trevor Siemian,T.Siemian,MIN,QB,00-0032156
2018,pre,Trey Burton,T.Burton,CHI,TE,00-0030710
2018,pre,Trey Griffey,T.Griffey,PIT,WR,00-0033259
2018,pre,Trey Quinn,T.Quinn,WAS,WR,00-0034339
2018,pre,Trey Williams,T.Williams,DAL,RB,00-0031531
2018,pre,Ty Montgomery,T.Montgomery,GB,RB,00-0032200
2018,pre,Tyler Boyd,T.Boyd,CIN,WR,00-0033009
2018,pre,Tyler Bray,T.Bray,CHI,QB,00-0030151
2018,pre,Tyler Conklin,T.Conklin,MIN,TE,00-0034270
2018,pre,Tyler Eifert,T.Eifert,CIN,TE,00-0030549
2018,pre,Tyler Ervin,T.Ervin,HOU,RB,00-0032404
2018,pre,Tyler Hoppes,T.Hoppes,MIN,TE,00-0034214
2018,pre,Tyler Kroft,T.Kroft,CIN,TE,00-0032214
2018,pre,Tyler Lockett,T.Lockett,SEA,WR,00-0032211
2018,pre,Tyreek Hill,T.Hill,KC,WR,00-0033040
2018,pre,Tyrell Williams,T.Williams,LAC,WR,00-0032160
2018,pre,Tyrod Taylor,T.Taylor,CLE,QB,00-0028118
2018,pre,Tyrone Swoopes,T.Swoopes,SEA,TE,00-0033742
2018,pre,Vernon Davis,V.Davis,WAS,TE,00-0024221
2018,pre,Victor Bolden,V.Bolden,SF,WR,00-0033306
2018,pre,Virgil Green,V.Green,LAC,TE,00-0028142
2018,pre,Vyncint Smith,V.Smith,HOU,WR,00-0034631
2018,pre,Wayne Gallman,W.Gallman,NYG,RB,00-0033950
2018,pre,Wendell Smallwood,W.Smallwood,PHI,RB,00-0032782
2018,pre,Wes Saxton,W.Saxton,SF,TE,00-0031864
2018,pre,Will Dissly,W.Dissly,SEA,TE,00-0034159
2018,pre,Willie Snead,W.Snead,BAL,WR,00-0030663
2018,pre,Zach Ertz,Z.Ertz,PHI,TE,00-0030061
2018,pre,Zach Line,Z.Line,NO,FB,00-0029931
2018,pre,Zach Pascal,Z.Pascal,IND,WR,00-0033251
2018,pre,Zach Zenner,Z.Zenner,DET,RB,00-0031665
2018,pre,Zay Jones,Z.Jones,BUF,WR,00-0033891
